graph_id,gt_x,gt_y,gt_th,est_x,est_y,est_th,err_x,err_y,err_th,err_trans,err_rot
1,-8.000000000e+00,-7.000000000e+00,1.570796371e+00,-8.004403114e+00,-7.000305653e+00,1.571348190e+00,-3.056526184e-04,4.403114319e-03,5.518537946e-04,4.413710441e-03,5.518537946e-04
2,-8.000000000e+00,-6.000000000e+00,0.000000000e+00,-7.998390198e+00,-6.003280640e+00,1.012215042e-03,1.609802246e-03,-3.280639648e-03,1.012215042e-03,3.654320724e-03,1.012215042e-03
3,-8.000000000e+00,-5.000000000e+00,1.570796371e+00,-8.007731438e+00,-5.001437187e+00,1.571563482e+00,-1.437187195e-03,7.731437683e-03,7.671712083e-04,7.863881998e-03,7.671712083e-04
4,-8.000000000e+00,-4.000000000e+00,0.000000000e+00,-8.007570267e+00,-4.008985996e+00,1.123783644e-03,-7.570266724e-03,-8.985996246e-03,1.123783644e-03,1.174976863e-02,1.123783644e-03
5,-8.000000000e+00,-3.000000000e+00,1.570796371e+00,-8.006315231e+00,-3.009140968e+00,1.571858764e+00,-9.140968323e-03,6.315231323e-03,1.062446390e-03,1.111033093e-02,1.062446390e-03
6,-8.000000000e+00,-2.000000000e+00,0.000000000e+00,-8.008860588e+00,-2.010229826e+00,1.685946714e-03,-8.860588074e-03,-1.022982597e-02,1.685946714e-03,1.353363879e-02,1.685946714e-03
7,-8.000000000e+00,-1.000000000e+00,1.570796371e+00,-8.009760857e+00,-1.014789104e+00,1.572886944e+00,-1.478910446e-02,9.760856628e-03,2.090568421e-03,1.771981828e-02,2.090568421e-03
8,-8.000000000e+00,0.000000000e+00,0.000000000e+00,-8.017027855e+00,-1.321097370e-02,1.964013791e-03,-1.702785492e-02,-1.321097370e-02,1.964013791e-03,2.155174315e-02,1.964013791e-03
9,-8.000000000e+00,1.000000000e+00,1.570796371e+00,-8.012569427e+00,9.863891602e-01,1.572624326e+00,-1.361083984e-02,1.256942749e-02,1.827983069e-03,1.852688380e-02,1.827983069e-03
10,-8.000000000e+00,2.000000000e+00,0.000000000e+00,-8.012054443e+00,1.992214322e+00,1.074476051e-03,-1.205444336e-02,-7.785677910e-03,1.074476051e-03,1.435013581e-02,1.074476051e-03
11,-8.000000000e+00,3.000000000e+00,1.570796371e+00,-8.020311356e+00,2.998684883e+00,1.572065115e+00,-1.315116882e-03,2.031135559e-02,1.268767286e-03,2.035388537e-02,1.268767286e-03
12,-8.000000000e+00,4.000000000e+00,0.000000000e+00,-8.022211075e+00,3.998760939e+00,1.367684687e-03,-2.221107483e-02,-1.239061356e-03,1.367684687e-03,2.224561013e-02,1.367684687e-03
13,-8.000000000e+00,5.000000000e+00,1.570796371e+00,-8.025036812e+00,5.001459599e+00,1.571887612e+00,1.459598541e-03,2.503681183e-02,1.091319602e-03,2.507932112e-02,1.091319602e-03
14,-8.000000000e+00,6.000000000e+00,0.000000000e+00,-8.024622917e+00,5.992384911e+00,1.355094719e-03,-2.462291718e-02,-7.615089417e-03,1.355094719e-03,2.577358298e-02,1.355094719e-03
15,-8.000000000e+00,7.000000000e+00,1.570796371e+00,-8.027299881e+00,6.994492054e+00,1.572483778e+00,-5.507946014e-03,2.730035782e-02,1.687383396e-03,2.785043977e-02,1.687383396e-03
16,-8.000000000e+00,8.000000000e+00,0.000000000e+00,-8.033971786e+00,7.996182919e+00,1.608857187e-03,-3.397178650e-02,-3.817081451e-03,1.608857187e-03,3.418555856e-02,1.608857187e-03
17,-7.000000000e+00,-8.000000000e+00,3.141592503e+00,-6.995858192e+00,-8.004146576e+00,-3.140727758e+00,-4.141807556e-03,4.146575928e-03,8.649445954e-04,5.860772915e-03,8.649445954e-04
18,-7.000000000e+00,-7.000000000e+00,-1.570796371e+00,-6.996245861e+00,-6.996094704e+00,-1.570000529e+00,-3.905296326e-03,3.754138947e-03,7.958232891e-04,5.417093169e-03,7.958232891e-04
19,-7.000000000e+00,-6.000000000e+00,3.141592503e+00,-7.002305031e+00,-6.002525806e+00,-3.140384197e+00,2.305030823e-03,2.525806427e-03,1.208581030e-03,3.419483081e-03,1.208581030e-03
20,-7.000000000e+00,-5.000000000e+00,-1.570796371e+00,-7.000551224e+00,-4.997877121e+00,-1.569819093e+00,-2.122879028e-03,-5.512237549e-04,9.773093043e-04,2.193276770e-03,9.773093043e-04
21,-7.000000000e+00,-4.000000000e+00,3.141592503e+00,-7.000426292e+00,-4.001244545e+00,-3.140367031e+00,4.262924194e-04,1.244544983e-03,1.225654501e-03,1.315529342e-03,1.225654501e-03
22,-7.000000000e+00,-3.000000000e+00,-1.570796371e+00,-7.006347179e+00,-3.008063793e+00,-1.569081545e+00,8.063793182e-03,-6.347179413e-03,1.714856713e-03,1.026213635e-02,1.714856713e-03
23,-7.000000000e+00,-2.000000000e+00,3.141592503e+00,-7.002223492e+00,-2.011594057e+00,-3.139867544e+00,2.223491669e-03,1.159405708e-02,1.725294860e-03,1.180534065e-02,1.725294860e-03
24,-7.000000000e+00,-1.000000000e+00,-1.570796371e+00,-7.006969452e+00,-1.015406609e+00,-1.569182158e+00,1.540660858e-02,-6.969451904e-03,1.614271081e-03,1.690966822e-02,1.614271081e-03
25,-7.000000000e+00,0.000000000e+00,3.141592503e+00,-7.009178162e+00,-1.203200873e-02,-3.139667988e+00,9.178161621e-03,1.203200966e-02,1.924802084e-03,1.513300743e-02,1.924802084e-03
26,-7.000000000e+00,1.000000000e+00,-1.570796371e+00,-7.015560627e+00,9.952826500e-01,-1.568831563e+00,4.717350006e-03,-1.556062698e-02,1.964771887e-03,1.625996642e-02,1.964771887e-03
27,-7.000000000e+00,2.000000000e+00,3.141592503e+00,-7.013422489e+00,1.996362925e+00,-3.140208960e+00,1.342248917e-02,3.637075424e-03,1.383880503e-03,1.390652824e-02,1.383880503e-03
28,-7.000000000e+00,3.000000000e+00,-1.570796371e+00,-7.021629333e+00,2.996644735e+00,-1.569333553e+00,3.355264664e-03,-2.162933350e-02,1.462809741e-03,2.188803069e-02,1.462809741e-03
29,-7.000000000e+00,4.000000000e+00,3.141592503e+00,-7.014417648e+00,3.998196602e+00,-3.140280724e+00,1.441764832e-02,1.803398132e-03,1.311977394e-03,1.452999748e-02,1.311977394e-03
30,-7.000000000e+00,5.000000000e+00,-1.570796371e+00,-7.020150661e+00,4.994747639e+00,-1.569793820e+00,5.252361298e-03,-2.015066147e-02,1.002561883e-03,2.082393877e-02,1.002561883e-03
31,-7.000000000e+00,6.000000000e+00,3.141592503e+00,-7.028185368e+00,5.996424675e+00,-3.139896393e+00,2.818536758e-02,3.575325012e-03,1.696370076e-03,2.841122821e-02,1.696370076e-03
32,-7.000000000e+00,7.000000000e+00,-1.570796371e+00,-7.034370899e+00,6.989359379e+00,-1.568886518e+00,1.064062119e-02,-3.437089920e-02,1.909814309e-03,3.598029539e-02,1.909814309e-03
33,-7.000000000e+00,8.000000000e+00,3.141592503e+00,-7.034880638e+00,7.991858959e+00,-3.139402628e+00,3.488063812e-02,8.141040802e-03,2.190128900e-03,3.581808880e-02,2.190128900e-03
34,-6.000000000e+00,-8.000000000e+00,0.000000000e+00,-5.995300770e+00,-7.996315956e+00,1.029072097e-03,4.699230194e-03,3.684043884e-03,1.029072097e-03,5.971176084e-03,1.029072097e-03
35,-6.000000000e+00,-7.000000000e+00,1.570796371e+00,-6.003528595e+00,-6.999932766e+00,1.571643353e+00,6.723403931e-05,3.528594971e-03,8.470134926e-04,3.529235488e-03,8.470134926e-04
36,-6.000000000e+00,-6.000000000e+00,0.000000000e+00,-6.004601479e+00,-6.000246048e+00,1.262104954e-03,-4.601478577e-03,-2.460479736e-04,1.262104954e-03,4.608051851e-03,1.262104954e-03
37,-6.000000000e+00,-5.000000000e+00,1.570796371e+00,-6.002226353e+00,-5.000448227e+00,1.572551608e+00,-4.482269287e-04,2.226352692e-03,1.755304518e-03,2.271024743e-03,1.755304518e-03
38,-6.000000000e+00,-4.000000000e+00,0.000000000e+00,-6.004311085e+00,-4.005767345e+00,1.548990025e-03,-4.311084747e-03,-5.767345428e-03,1.548990025e-03,7.200536318e-03,1.548990025e-03
39,-6.000000000e+00,-3.000000000e+00,1.570796371e+00,-6.003991604e+00,-3.009397030e+00,1.573093414e+00,-9.397029877e-03,3.991603851e-03,2.297129948e-03,1.020965539e-02,2.297129948e-03
40,-6.000000000e+00,-2.000000000e+00,0.000000000e+00,-6.007469654e+00,-2.005170345e+00,1.531007234e-03,-7.469654083e-03,-5.170345306e-03,1.531007234e-03,9.084503166e-03,1.531007234e-03
41,-6.000000000e+00,-1.000000000e+00,1.570796371e+00,-6.011042595e+00,-1.012856245e+00,1.572709203e+00,-1.285624504e-02,1.104259491e-02,1.912867301e-03,1.694762334e-02,1.912867301e-03
42,-6.000000000e+00,0.000000000e+00,0.000000000e+00,-6.013752460e+00,-7.746272720e-03,2.115022857e-03,-1.375246048e-02,-7.746272720e-03,2.115022857e-03,1.578400843e-02,2.115022857e-03
43,-6.000000000e+00,1.000000000e+00,1.570796371e+00,-6.018867493e+00,9.950633049e-01,1.572471976e+00,-4.936695099e-03,1.886749268e-02,1.675616601e-03,1.950264722e-02,1.675616601e-03
44,-6.000000000e+00,2.000000000e+00,0.000000000e+00,-6.020103455e+00,1.993242145e+00,1.165536465e-03,-2.010345459e-02,-6.757855415e-03,1.165536465e-03,2.120890096e-02,1.165536465e-03
45,-6.000000000e+00,3.000000000e+00,1.570796371e+00,-6.027991772e+00,3.000058174e+00,1.572165608e+00,5.817413330e-05,2.799177170e-02,1.369297854e-03,2.799183130e-02,1.369297854e-03
46,-6.000000000e+00,4.000000000e+00,0.000000000e+00,-6.020391941e+00,4.006089687e+00,1.360345748e-03,-2.039194107e-02,6.089687347e-03,1.360345748e-03,2.128181234e-02,1.360345748e-03
47,-6.000000000e+00,5.000000000e+00,1.570796371e+00,-6.025240421e+00,4.999475002e+00,1.571963906e+00,-5.249977112e-04,2.524042130e-02,1.167591196e-03,2.524588071e-02,1.167591196e-03
48,-6.000000000e+00,6.000000000e+00,0.000000000e+00,-6.032039165e+00,5.993379116e+00,2.164669102e-03,-3.203916550e-02,-6.620883942e-03,2.164669102e-03,3.271611407e-02,2.164669102e-03
49,-6.000000000e+00,7.000000000e+00,1.570796371e+00,-6.040808678e+00,6.993967056e+00,1.572690129e+00,-6.032943726e-03,4.080867767e-02,1.893739100e-03,4.125220701e-02,1.893739100e-03
50,-6.000000000e+00,8.000000000e+00,0.000000000e+00,-6.033403397e+00,7.991106987e+00,1.820394420e-03,-3.340339661e-02,-8.893013000e-03,1.820394420e-03,3.456693143e-02,1.820394420e-03
51,-5.000000000e+00,-8.000000000e+00,3.141592503e+00,-4.997230530e+00,-8.002178192e+00,-3.139905930e+00,-2.769470215e-03,2.178192139e-03,1.686770585e-03,3.523419611e-03,1.686770585e-03
52,-5.000000000e+00,-7.000000000e+00,-1.570796371e+00,-4.998129368e+00,-6.995531559e+00,-1.569492579e+00,-4.468441010e-03,1.870632172e-03,1.303837053e-03,4.844195209e-03,1.303837053e-03
53,-5.000000000e+00,-6.000000000e+00,3.141592503e+00,-5.003336906e+00,-6.002787590e+00,-3.140171051e+00,3.336906433e-03,2.787590027e-03,1.421777415e-03,4.348057322e-03,1.421777415e-03
54,-5.000000000e+00,-5.000000000e+00,-1.570796371e+00,-5.008670807e+00,-5.006772518e+00,-1.569054842e+00,6.772518158e-03,-8.670806885e-03,1.741535380e-03,1.100226771e-02,1.741535380e-03
55,-5.000000000e+00,-4.000000000e+00,3.141592503e+00,-5.009616852e+00,-3.999527693e+00,-3.139836311e+00,9.616851807e-03,-4.723072052e-04,1.756403130e-03,9.628443047e-03,1.756403130e-03
56,-5.000000000e+00,-3.000000000e+00,-1.570796371e+00,-5.005358219e+00,-3.000255823e+00,-1.568730235e+00,2.558231354e-04,-5.358219147e-03,2.066189656e-03,5.364322569e-03,2.066189656e-03
57,-5.000000000e+00,-2.000000000e+00,3.141592503e+00,-5.013447285e+00,-1.998928785e+00,-3.139848709e+00,1.344728470e-02,-1.071214676e-03,1.743949950e-03,1.348988432e-02,1.743949950e-03
58,-5.000000000e+00,-1.000000000e+00,-1.570796371e+00,-5.009963036e+00,-1.007384539e+00,-1.569144011e+00,7.384538651e-03,-9.963035583e-03,1.652370323e-03,1.240134984e-02,1.652370323e-03
59,-5.000000000e+00,0.000000000e+00,3.141592503e+00,-5.015663624e+00,-1.578706317e-03,-3.139700651e+00,1.566362381e-02,1.578707714e-03,1.891998108e-03,1.574297994e-02,1.891998108e-03
60,-5.000000000e+00,1.000000000e+00,-1.570796371e+00,-5.025948048e+00,9.970321655e-01,-1.568946123e+00,2.967834473e-03,-2.594804764e-02,1.850250643e-03,2.611722052e-02,1.850250643e-03
61,-5.000000000e+00,2.000000000e+00,3.141592503e+00,-5.025799751e+00,1.990367532e+00,-3.139943600e+00,2.579975128e-02,9.632468224e-03,1.649180078e-03,2.753927559e-02,1.649180078e-03
62,-5.000000000e+00,3.000000000e+00,-1.570796371e+00,-5.024401188e+00,2.997807264e+00,-1.568967342e+00,2.192735672e-03,-2.440118790e-02,1.829033834e-03,2.449951135e-02,1.829033834e-03
63,-5.000000000e+00,4.000000000e+00,3.141592503e+00,-5.026650429e+00,4.001000881e+00,-3.140409708e+00,2.665042877e-02,-1.000881195e-03,1.183143817e-03,2.666921541e-02,1.183143817e-03
64,-5.000000000e+00,5.000000000e+00,-1.570796371e+00,-5.030759335e+00,5.004045963e+00,-1.569043517e+00,-4.045963287e-03,-3.075933456e-02,1.752823126e-03,3.102428839e-02,1.752823126e-03
65,-5.000000000e+00,6.000000000e+00,3.141592503e+00,-5.025646687e+00,6.000031471e+00,-3.140191078e+00,2.564668655e-02,-3.147125244e-05,1.401632326e-03,2.564670518e-02,1.401632326e-03
66,-5.000000000e+00,7.000000000e+00,-1.570796371e+00,-5.036545753e+00,6.993591309e+00,-1.569297791e+00,6.408691406e-03,-3.654575348e-02,1.498617581e-03,3.710341454e-02,1.498617581e-03
67,-5.000000000e+00,8.000000000e+00,3.141592503e+00,-5.035522461e+00,7.998554230e+00,-3.139751196e+00,3.552246094e-02,1.445770264e-03,1.841438236e-03,3.555186838e-02,1.841438236e-03
68,-4.000000000e+00,-8.000000000e+00,0.000000000e+00,-4.005980492e+00,-7.999531746e+00,1.316739828e-03,-5.980491638e-03,4.682540894e-04,1.316739828e-03,5.998794921e-03,1.316739828e-03
69,-4.000000000e+00,-7.000000000e+00,1.570796371e+00,-4.001173973e+00,-6.994253635e+00,1.572497249e+00,5.746364594e-03,1.173973083e-03,1.700934255e-03,5.865059327e-03,1.700934255e-03
70,-4.000000000e+00,-6.000000000e+00,0.000000000e+00,-4.007730007e+00,-5.997705460e+00,1.693930943e-03,-7.730007172e-03,2.294540405e-03,1.693930943e-03,8.063369431e-03,1.693930943e-03
71,-4.000000000e+00,-5.000000000e+00,1.570796371e+00,-4.004844189e+00,-4.999858856e+00,1.572106242e+00,1.411437988e-04,4.844188690e-03,1.309872023e-03,4.846244585e-03,1.309872023e-03
72,-4.000000000e+00,-4.000000000e+00,0.000000000e+00,-4.007613659e+00,-3.999545813e+00,1.614669571e-03,-7.613658905e-03,4.541873932e-04,1.614669571e-03,7.627194282e-03,1.614669571e-03
73,-4.000000000e+00,-3.000000000e+00,1.570796371e+00,-4.008559227e+00,-3.005302668e+00,1.572927833e+00,-5.302667618e-03,8.559226990e-03,2.131469315e-03,1.006869692e-02,2.131469315e-03
74,-4.000000000e+00,-2.000000000e+00,0.000000000e+00,-4.018692493e+00,-1.996828556e+00,1.991267782e-03,-1.869249344e-02,3.171443939e-03,1.991267782e-03,1.895962469e-02,1.991267782e-03
75,-4.000000000e+00,-1.000000000e+00,1.570796371e+00,-4.014492512e+00,-1.001840591e+00,1.572720647e+00,-1.840651035e-03,1.449251175e-02,1.924327575e-03,1.460893173e-02,1.924327575e-03
76,-4.000000000e+00,0.000000000e+00,0.000000000e+00,-4.024707317e+00,2.130452078e-03,1.893869485e-03,-2.470731735e-02,2.130452078e-03,1.893869485e-03,2.479899861e-02,1.893869485e-03
77,-4.000000000e+00,1.000000000e+00,1.570796371e+00,-4.027346611e+00,9.966215491e-01,1.572581768e+00,-3.378391266e-03,2.734661102e-02,1.785372966e-03,2.755450271e-02,1.785372966e-03
78,-4.000000000e+00,2.000000000e+00,0.000000000e+00,-4.034353733e+00,1.996129870e+00,1.660671434e-03,-3.435373306e-02,-3.870129585e-03,1.660671434e-03,3.457104042e-02,1.660671434e-03
79,-4.000000000e+00,3.000000000e+00,1.570796371e+00,-4.030896664e+00,3.004697084e+00,1.572398186e+00,4.697084427e-03,3.089690208e-02,1.601804281e-03,3.125189617e-02,1.601804281e-03
80,-4.000000000e+00,4.000000000e+00,0.000000000e+00,-4.026317120e+00,4.000369072e+00,1.778881066e-03,-2.631711960e-02,3.690719604e-04,1.778881066e-03,2.631970681e-02,1.778881066e-03
81,-4.000000000e+00,5.000000000e+00,1.570796371e+00,-4.026297569e+00,5.006024837e+00,1.572928786e+00,6.024837494e-03,2.629780769e-02,2.132390393e-03,2.697912790e-02,2.132390393e-03
82,-4.000000000e+00,6.000000000e+00,0.000000000e+00,-4.033029556e+00,6.001994133e+00,1.746897236e-03,-3.302955627e-02,1.994132996e-03,1.746897236e-03,3.308969736e-02,1.746897236e-03
83,-4.000000000e+00,7.000000000e+00,1.570796371e+00,-4.027785301e+00,7.000869274e+00,1.572003484e+00,8.692741394e-04,2.778506279e-02,1.207184396e-03,2.779865824e-02,1.207184396e-03
84,-4.000000000e+00,8.000000000e+00,0.000000000e+00,-4.037355423e+00,8.004145622e+00,1.835808973e-03,-3.735542297e-02,4.145622253e-03,1.835808973e-03,3.758475557e-02,1.835808973e-03
85,-3.000000000e+00,-8.000000000e+00,3.141592503e+00,-3.003648520e+00,-7.997746468e+00,-3.139557123e+00,3.648519516e-03,-2.253055573e-03,2.035634592e-03,4.288117867e-03,2.035634592e-03
86,-3.000000000e+00,-7.000000000e+00,-1.570796371e+00,-3.006349802e+00,-6.998239517e+00,-1.569398880e+00,-1.760482788e-03,-6.349802017e-03,1.397439162e-03,6.589331198e-03,1.397439162e-03
87,-3.000000000e+00,-6.000000000e+00,3.141592503e+00,-3.013830900e+00,-5.993235111e+00,-3.140882492e+00,1.383090019e-02,-6.764888763e-03,7.102065138e-04,1.539667230e-02,7.102065138e-04
88,-3.000000000e+00,-5.000000000e+00,-1.570796371e+00,-3.009085417e+00,-4.990894318e+00,-1.569511652e+00,-9.105682373e-03,-9.085416794e-03,1.284732600e-03,1.286305767e-02,1.284732600e-03
89,-3.000000000e+00,-4.000000000e+00,3.141592503e+00,-3.012554407e+00,-3.994301796e+00,-3.139914274e+00,1.255440712e-02,-5.698442459e-03,1.678525237e-03,1.378714573e-02,1.678525237e-03
90,-3.000000000e+00,-3.000000000e+00,-1.570796371e+00,-3.012578726e+00,-3.000472069e+00,-1.568830252e+00,4.720687866e-04,-1.257872581e-02,1.966174226e-03,1.258758083e-02,1.966174226e-03
91,-3.000000000e+00,-2.000000000e+00,3.141592503e+00,-3.014109373e+00,-2.004192591e+00,-3.139663458e+00,1.410937309e-02,4.192590714e-03,1.929295482e-03,1.471911091e-02,1.929295482e-03
92,-3.000000000e+00,-1.000000000e+00,-1.570796371e+00,-3.022863626e+00,-9.978424907e-01,-1.568942070e+00,-2.157509327e-03,-2.286362648e-02,1.854342991e-03,2.296519652e-02,1.854342991e-03
93,-3.000000000e+00,0.000000000e+00,3.141592503e+00,-3.016152620e+00,2.104731509e-03,-3.139687777e+00,1.615262032e-02,-2.104730112e-03,1.904958743e-03,1.628916897e-02,1.904958743e-03
94,-3.000000000e+00,1.000000000e+00,-1.570796371e+00,-3.026762962e+00,9.951101542e-01,-1.568909526e+00,4.889845848e-03,-2.676296234e-02,1.886851154e-03,2.720600553e-02,1.886851154e-03
95,-3.000000000e+00,2.000000000e+00,3.141592503e+00,-3.028718948e+00,2.003200054e+00,-3.139591932e+00,2.871894836e-02,-3.200054169e-03,2.000762150e-03,2.889668383e-02,2.000762150e-03
96,-3.000000000e+00,3.000000000e+00,-1.570796371e+00,-3.029785156e+00,3.005569935e+00,-1.569372535e+00,-5.569934845e-03,-2.978515625e-02,1.423880691e-03,3.030147962e-02,1.423880691e-03
97,-3.000000000e+00,4.000000000e+00,3.141592503e+00,-3.032560587e+00,4.000019550e+00,-3.139523029e+00,3.256058693e-02,-1.931190491e-05,2.069683280e-03,3.256059065e-02,2.069683280e-03
98,-3.000000000e+00,5.000000000e+00,-1.570796371e+00,-3.031677008e+00,5.001558781e+00,-1.568914890e+00,-1.558780670e-03,-3.167700768e-02,1.881464967e-03,3.171533719e-02,1.881464967e-03
99,-3.000000000e+00,6.000000000e+00,3.141592503e+00,-3.039088249e+00,6.001006603e+00,-3.138830185e+00,3.908824921e-02,-1.006603241e-03,2.762538381e-03,3.910120949e-02,2.762538381e-03
100,-3.000000000e+00,7.000000000e+00,-1.570796371e+00,-3.034711838e+00,7.003015995e+00,-1.568909407e+00,-3.015995026e-03,-3.471183777e-02,1.886952785e-03,3.484261781e-02,1.886952785e-03
101,-3.000000000e+00,8.000000000e+00,3.141592503e+00,-3.038764238e+00,7.998149872e+00,-3.139898300e+00,3.876423836e-02,1.850128174e-03,1.694508363e-03,3.880836442e-02,1.694508363e-03
102,-2.000000000e+00,-8.000000000e+00,0.000000000e+00,-2.003023863e+00,-7.998551369e+00,1.489943941e-03,-3.023862839e-03,1.448631287e-03,1.489943941e-03,3.352950793e-03,1.489943941e-03
103,-2.000000000e+00,-7.000000000e+00,1.570796371e+00,-2.011143446e+00,-6.990159988e+00,1.572380066e+00,9.840011597e-03,1.114344597e-02,1.583749661e-03,1.486614253e-02,1.583749661e-03
104,-2.000000000e+00,-6.000000000e+00,0.000000000e+00,-2.007646561e+00,-5.993957520e+00,1.694211969e-03,-7.646560669e-03,6.042480469e-03,1.694211969e-03,9.745842777e-03,1.694211969e-03
105,-2.000000000e+00,-5.000000000e+00,1.570796371e+00,-2.007807493e+00,-4.992969513e+00,1.572356939e+00,7.030487061e-03,7.807493210e-03,1.560614794e-03,1.050641201e-02,1.560614794e-03
106,-2.000000000e+00,-4.000000000e+00,0.000000000e+00,-2.008682013e+00,-4.000545979e+00,1.842575963e-03,-8.682012558e-03,-5.459785461e-04,1.842575963e-03,8.699162863e-03,1.842575963e-03
107,-2.000000000e+00,-3.000000000e+00,1.570796371e+00,-2.016955376e+00,-2.996243954e+00,1.572744846e+00,3.756046295e-03,1.695537567e-02,1.948555815e-03,1.736642234e-02,1.948555815e-03
108,-2.000000000e+00,-2.000000000e+00,0.000000000e+00,-2.009471893e+00,-1.994198680e+00,1.977742882e-03,-9.471893311e-03,5.801320076e-03,1.977742882e-03,1.110729761e-02,1.977742882e-03
109,-2.000000000e+00,-1.000000000e+00,1.570796371e+00,-2.015588760e+00,-9.990850091e-01,1.572490931e+00,9.149909019e-04,1.558876038e-02,1.694601029e-03,1.561558992e-02,1.694601029e-03
110,-2.000000000e+00,0.000000000e+00,0.000000000e+00,-2.023066998e+00,5.920504220e-03,1.778953476e-03,-2.306699753e-02,5.920504220e-03,1.778953476e-03,2.381467447e-02,1.778953476e-03
111,-2.000000000e+00,1.000000000e+00,1.570796371e+00,-2.019675732e+00,1.001428604e+00,1.572636843e+00,1.428604126e-03,1.967573166e-02,1.840559882e-03,1.972752623e-02,1.840559882e-03
112,-2.000000000e+00,2.000000000e+00,0.000000000e+00,-2.024754763e+00,2.000273228e+00,1.833667047e-03,-2.475476265e-02,2.732276917e-04,1.833667047e-03,2.475627139e-02,1.833667047e-03
113,-2.000000000e+00,3.000000000e+00,1.570796371e+00,-2.034656763e+00,3.003174305e+00,1.572852731e+00,3.174304962e-03,3.465664387e-02,2.056360710e-03,3.480171040e-02,2.056360710e-03
114,-2.000000000e+00,4.000000000e+00,0.000000000e+00,-2.026985168e+00,4.008924484e+00,2.038701903e-03,-2.698516846e-02,8.924484253e-03,2.038701903e-03,2.842262760e-02,2.038701903e-03
115,-2.000000000e+00,5.000000000e+00,1.570796371e+00,-2.031240940e+00,5.010013103e+00,1.572327137e+00,1.001310349e-02,3.124094009e-02,1.530766487e-03,3.280638158e-02,1.530766487e-03
116,-2.000000000e+00,6.000000000e+00,0.000000000e+00,-2.034219980e+00,6.005850792e+00,1.792275114e-03,-3.421998024e-02,5.850791931e-03,1.792275114e-03,3.471655026e-02,1.792275114e-03
117,-2.000000000e+00,7.000000000e+00,1.570796371e+00,-2.035940886e+00,6.997788906e+00,1.572780252e+00,-2.211093903e-03,3.594100475e-02,1.983970869e-03,3.600895405e-02,1.983970869e-03
118,-2.000000000e+00,8.000000000e+00,0.000000000e+00,-2.037203550e+00,8.004061699e+00,2.205851255e-03,-3.720355034e-02,4.061698914e-03,2.205851255e-03,3.742461279e-02,2.205851255e-03
119,-1.000000000e+00,-8.000000000e+00,3.141592503e+00,-1.009108663e+00,-7.993827343e+00,-3.140331984e+00,9.108662605e-03,-6.172657013e-03,1.260694233e-03,1.100315526e-02,1.260694233e-03
120,-1.000000000e+00,-7.000000000e+00,-1.570796371e+00,-1.018705964e+00,-6.991883278e+00,-1.569466114e+00,-8.116722107e-03,-1.870590448e-02,1.330272877e-03,2.039097995e-02,1.330272877e-03
121,-1.000000000e+00,-6.000000000e+00,3.141592503e+00,-1.011903048e+00,-5.991065502e+00,-3.139917612e+00,1.190310717e-02,-8.934497833e-03,1.675103325e-03,1.488318574e-02,1.675103325e-03
122,-1.000000000e+00,-5.000000000e+00,-1.570796371e+00,-1.010976195e+00,-4.989939213e+00,-1.569099784e+00,-1.006078720e-02,-1.097619534e-02,1.696538064e-03,1.488946937e-02,1.696538064e-03
123,-1.000000000e+00,-4.000000000e+00,3.141592503e+00,-1.013358951e+00,-3.994954824e+00,-3.139662981e+00,1.335895061e-02,-5.045175552e-03,1.929840073e-03,1.427989360e-02,1.929840073e-03
124,-1.000000000e+00,-3.000000000e+00,-1.570796371e+00,-1.013535619e+00,-3.001892090e+00,-1.568697095e+00,1.892089844e-03,-1.353561878e-02,2.099224832e-03,1.366722304e-02,2.099224832e-03
125,-1.000000000e+00,-2.000000000e+00,3.141592503e+00,-1.017890334e+00,-1.995014548e+00,-3.139585972e+00,1.789039373e-02,-4.985332489e-03,2.006781753e-03,1.857201383e-02,2.006781753e-03
126,-1.000000000e+00,-1.000000000e+00,-1.570796371e+00,-1.016983151e+00,-9.938088059e-01,-1.569297433e+00,-6.191134453e-03,-1.698321104e-02,1.498878584e-03,1.807649434e-02,1.498878584e-03
127,-1.000000000e+00,0.000000000e+00,3.141592503e+00,-1.020512104e+00,7.751441444e-04,-3.139862537e+00,2.051210403e-02,-7.751423400e-04,1.730094664e-03,2.052674443e-02,1.730094664e-03
128,-1.000000000e+00,1.000000000e+00,-1.570796371e+00,-1.022764087e+00,1.001955032e+00,-1.569452405e+00,-1.955091953e-03,-2.276408672e-02,1.344001619e-03,2.284788899e-02,1.344001619e-03
129,-1.000000000e+00,2.000000000e+00,3.141592503e+00,-1.029001832e+00,2.004674196e+00,-3.139598370e+00,2.900183201e-02,-4.674315453e-03,1.994360704e-03,2.937610447e-02,1.994360704e-03
130,-1.000000000e+00,3.000000000e+00,-1.570796371e+00,-1.030355692e+00,3.012408018e+00,-1.568771839e+00,-1.240801811e-02,-3.035569191e-02,2.024517162e-03,3.279370442e-02,2.024517162e-03
131,-1.000000000e+00,4.000000000e+00,3.141592503e+00,-1.033953428e+00,4.005441189e+00,-3.139273643e+00,3.395342827e-02,-5.441188812e-03,2.319064224e-03,3.438665345e-02,2.319064224e-03
132,-1.000000000e+00,5.000000000e+00,-1.570796371e+00,-1.029827595e+00,5.006050587e+00,-1.569081783e+00,-6.050586700e-03,-2.982759476e-02,1.714582671e-03,3.043509461e-02,1.714582671e-03
133,-1.000000000e+00,6.000000000e+00,3.141592503e+00,-1.040149808e+00,6.007962227e+00,-3.139591694e+00,4.014980793e-02,-7.962226868e-03,2.001021989e-03,4.093170166e-02,2.001021989e-03
134,-1.000000000e+00,7.000000000e+00,-1.570796371e+00,-1.043138742e+00,7.004112720e+00,-1.568630934e+00,-4.112720490e-03,-4.313874245e-02,2.165472368e-03,4.333434626e-02,2.165472368e-03
135,-1.000000000e+00,8.000000000e+00,3.141592503e+00,-1.045387745e+00,8.000904083e+00,-3.139321566e+00,4.538774490e-02,-9.040832520e-04,2.271146979e-03,4.539674893e-02,2.271146979e-03
136,0.000000000e+00,-8.000000000e+00,0.000000000e+00,-3.656899091e-03,-7.995353222e+00,1.955004642e-03,-3.656899091e-03,4.646778107e-03,1.955004642e-03,5.913159810e-03,1.955004642e-03
137,0.000000000e+00,-7.000000000e+00,1.570796371e+00,-1.040323079e-02,-6.988922596e+00,1.572585940e+00,1.107740402e-02,1.040322986e-02,1.789611881e-03,1.519658137e-02,1.789611881e-03
138,0.000000000e+00,-6.000000000e+00,0.000000000e+00,-9.134312160e-03,-5.997406483e+00,1.780777005e-03,-9.134312160e-03,2.593517303e-03,1.780777005e-03,9.495367296e-03,1.780777005e-03
139,0.000000000e+00,-5.000000000e+00,1.570796371e+00,-8.746664040e-03,-4.994317532e+00,1.572434664e+00,5.682468414e-03,8.746663108e-03,1.638304209e-03,1.043046359e-02,1.638304209e-03
140,0.000000000e+00,-4.000000000e+00,0.000000000e+00,-6.593623199e-03,-3.998857737e+00,2.162657911e-03,-6.593623199e-03,1.142263412e-03,2.162657911e-03,6.691833027e-03,2.162657911e-03
141,0.000000000e+00,-3.000000000e+00,1.570796371e+00,-1.166036911e-02,-2.991354704e+00,1.572904229e+00,8.645296097e-03,1.166036818e-02,2.107838402e-03,1.451569237e-02,2.107838402e-03
142,0.000000000e+00,-2.000000000e+00,0.000000000e+00,-9.765113704e-03,-1.994474411e+00,2.163260709e-03,-9.765113704e-03,5.525588989e-03,2.163260709e-03,1.122005284e-02,2.163260709e-03
143,0.000000000e+00,-1.000000000e+00,1.570796371e+00,-1.967769302e-02,-9.933685660e-01,1.572957993e+00,6.631433964e-03,1.967769302e-02,2.161699580e-03,2.076505497e-02,2.161699580e-03
144,0.000000000e+00,0.000000000e+00,0.000000000e+00,-2.077610418e-02,2.450938569e-03,2.707930747e-03,-2.077610418e-02,2.450938569e-03,2.707930747e-03,2.092017233e-02,2.707930747e-03
145,0.000000000e+00,1.000000000e+00,1.570796371e+00,-2.465591393e-02,1.002876878e+00,1.573075771e+00,2.876877785e-03,2.465591207e-02,2.279491862e-03,2.482318319e-02,2.279491862e-03
146,0.000000000e+00,2.000000000e+00,0.000000000e+00,-2.479648031e-02,2.011571169e+00,2.330117859e-03,-2.479648031e-02,1.157116890e-02,2.330117859e-03,2.736343071e-02,2.330117859e-03
147,0.000000000e+00,3.000000000e+00,1.570796371e+00,-2.661142312e-02,3.006494999e+00,1.572731614e+00,6.494998932e-03,2.661142126e-02,1.935267239e-03,2.739256807e-02,1.935267239e-03
148,0.000000000e+00,4.000000000e+00,0.000000000e+00,-2.657030709e-02,4.007791519e+00,2.012600424e-03,-2.657030709e-02,7.791519165e-03,2.012600424e-03,2.768914960e-02,2.012600424e-03
149,0.000000000e+00,5.000000000e+00,1.570796371e+00,-2.830595337e-02,5.011613369e+00,1.572949171e+00,1.161336899e-02,2.830595151e-02,2.152881585e-03,3.059570678e-02,2.152881585e-03
150,0.000000000e+00,6.000000000e+00,0.000000000e+00,-3.254652396e-02,6.015645981e+00,2.060804283e-03,-3.254652396e-02,1.564598083e-02,2.060804283e-03,3.611195087e-02,2.060804283e-03
151,0.000000000e+00,7.000000000e+00,1.570796371e+00,-3.536595032e-02,7.011061192e+00,1.572620511e+00,1.106119156e-02,3.536595032e-02,1.824175706e-03,3.705536947e-02,1.824175706e-03
152,0.000000000e+00,8.000000000e+00,0.000000000e+00,-3.963646665e-02,8.006357193e+00,2.037887694e-03,-3.963646665e-02,6.357192993e-03,2.037887694e-03,4.014303535e-02,2.037887694e-03
153,1.000000000e+00,-8.000000000e+00,3.141592503e+00,9.916573167e-01,-7.987626553e+00,-3.139618397e+00,8.342683315e-03,-1.237344742e-02,1.974375919e-03,1.492322236e-02,1.974375919e-03
154,1.000000000e+00,-7.000000000e+00,-1.570796371e+00,9.972292781e-01,-6.989346027e+00,-1.568773270e+00,-1.065397263e-02,-2.770781517e-03,2.023077803e-03,1.100837719e-02,2.023077803e-03
155,1.000000000e+00,-6.000000000e+00,3.141592503e+00,9.894188643e-01,-5.995991707e+00,-3.139388800e+00,1.058107615e-02,-4.008293152e-03,2.204029821e-03,1.131483912e-02,2.204029821e-03
156,1.000000000e+00,-5.000000000e+00,-1.570796371e+00,9.849351048e-01,-4.997086525e+00,-1.569062352e+00,-2.913475037e-03,-1.506489515e-02,1.734010410e-03,1.534403488e-02,1.734010410e-03
157,1.000000000e+00,-4.000000000e+00,3.141592503e+00,9.870651364e-01,-3.995725632e+00,-3.139239550e+00,1.293486357e-02,-4.274368286e-03,2.353113610e-03,1.362280827e-02,2.353113610e-03
158,1.000000000e+00,-3.000000000e+00,-1.570796371e+00,9.807353020e-01,-2.997526646e+00,-1.568508387e+00,-2.473354340e-03,-1.926469803e-02,2.287959680e-03,1.942282356e-02,2.287959680e-03
159,1.000000000e+00,-2.000000000e+00,3.141592503e+00,9.832493067e-01,-1.990525365e+00,-3.139272928e+00,1.675063372e-02,-9.474635124e-03,2.319897059e-03,1.924454421e-02,2.319897059e-03
160,1.000000000e+00,-1.000000000e+00,-1.570796371e+00,9.806083441e-01,-9.932599068e-01,-1.568077207e+00,-6.740093231e-03,-1.939159632e-02,2.719148761e-03,2.052956074e-02,2.719148761e-03
161,1.000000000e+00,0.000000000e+00,3.141592503e+00,9.762837291e-01,6.466003135e-03,-3.139597178e+00,2.371627092e-02,-6.466000807e-03,1.995577710e-03,2.458191663e-02,1.995577710e-03
162,1.000000000e+00,1.000000000e+00,-1.570796371e+00,9.706228375e-01,1.006463051e+00,-1.568691134e+00,-6.463050842e-03,-2.937716246e-02,2.105222084e-03,3.007970564e-02,2.105222084e-03
163,1.000000000e+00,2.000000000e+00,3.141592503e+00,9.745350480e-01,2.013077021e+00,-3.139167547e+00,2.546495199e-02,-1.307702065e-02,2.425263869e-03,2.862642519e-02,2.425263869e-03
164,1.000000000e+00,3.000000000e+00,-1.570796371e+00,9.691454768e-01,3.016972065e+00,-1.568823934e+00,-1.697206497e-02,-3.085452318e-02,1.972386381e-03,3.521437943e-02,1.972386381e-03
165,1.000000000e+00,4.000000000e+00,3.141592503e+00,9.708943367e-01,4.013476372e+00,-3.140100241e+00,2.910566330e-02,-1.347637177e-02,1.492413227e-03,3.207416832e-02,1.492413227e-03
166,1.000000000e+00,5.000000000e+00,-1.570796371e+00,9.664198756e-01,5.017621040e+00,-1.568735838e+00,-1.762104034e-02,-3.358012438e-02,2.060535830e-03,3.792262822e-02,2.060535830e-03
167,1.000000000e+00,6.000000000e+00,3.141592503e+00,9.687492251e-01,6.019048691e+00,-3.139268160e+00,3.125077486e-02,-1.904869080e-02,2.324564848e-03,3.659868240e-02,2.324564848e-03
168,1.000000000e+00,7.000000000e+00,-1.570796371e+00,9.640780687e-01,7.012117863e+00,-1.568291545e+00,-1.211786270e-02,-3.592193127e-02,2.504800446e-03,3.791078553e-02,2.504800446e-03
169,1.000000000e+00,8.000000000e+00,3.141592503e+00,9.550946951e-01,8.009922028e+00,-3.138709068e+00,4.490530491e-02,-9.922027588e-03,2.883656183e-03,4.598839954e-02,2.883656183e-03
170,2.000000000e+00,-8.000000000e+00,0.000000000e+00,1.998559117e+00,-7.986025333e+00,2.907681046e-03,-1.440882683e-03,1.397466660e-02,2.907681046e-03,1.404875237e-02,2.907681046e-03
171,2.000000000e+00,-7.000000000e+00,1.570796371e+00,1.993690133e+00,-6.982526302e+00,1.573164821e+00,1.747369766e-02,6.309866905e-03,2.368507441e-03,1.857806556e-02,2.368507441e-03
172,2.000000000e+00,-6.000000000e+00,0.000000000e+00,1.987494588e+00,-5.989381790e+00,2.579376800e-03,-1.250541210e-02,1.061820984e-02,2.579376800e-03,1.640523411e-02,2.579376800e-03
173,2.000000000e+00,-5.000000000e+00,1.570796371e+00,1.982274890e+00,-4.994282246e+00,1.572950363e+00,5.717754364e-03,1.772511005e-02,2.154065063e-03,1.862450689e-02,2.154065063e-03
174,2.000000000e+00,-4.000000000e+00,0.000000000e+00,1.985619783e+00,-3.998088598e+00,2.487416845e-03,-1.438021660e-02,1.911401749e-03,2.487416845e-03,1.450669114e-02,2.487416845e-03
175,2.000000000e+00,-3.000000000e+00,1.570796371e+00,1.989460826e+00,-2.993124485e+00,1.572994232e+00,6.875514984e-03,1.053917408e-02,2.197857713e-03,1.258359663e-02,2.197857713e-03
176,2.000000000e+00,-2.000000000e+00,0.000000000e+00,1.980870008e+00,-1.987498522e+00,2.259517321e-03,-1.912999153e-02,1.250147820e-02,2.259517321e-03,2.285264805e-02,2.259517321e-03
177,2.000000000e+00,-1.000000000e+00,1.570796371e+00,1.981775999e+00,-9.949446917e-01,1.572776914e+00,5.055367947e-03,1.822400093e-02,1.980561065e-03,1.891219057e-02,1.980561065e-03
178,2.000000000e+00,0.000000000e+00,0.000000000e+00,1.981530309e+00,1.297479123e-02,2.206335543e-03,-1.846969128e-02,1.297479123e-02,2.206335543e-03,2.257154696e-02,2.206335543e-03
179,2.000000000e+00,1.000000000e+00,1.570796371e+00,1.976944566e+00,1.015583634e+00,1.573096275e+00,1.558357477e-02,2.305543423e-02,2.299994230e-03,2.782806009e-02,2.299994230e-03
180,2.000000000e+00,2.000000000e+00,0.000000000e+00,1.970308900e+00,2.009687901e+00,2.266431926e-03,-2.969110012e-02,9.687900543e-03,2.266431926e-03,3.123166412e-02,2.266431926e-03
181,2.000000000e+00,3.000000000e+00,1.570796371e+00,1.975001693e+00,3.017329931e+00,1.573065281e+00,1.732993126e-02,2.499842644e-02,2.268922282e-03,3.041788749e-02,2.268922282e-03
182,2.000000000e+00,4.000000000e+00,0.000000000e+00,1.965857267e+00,4.018003464e+00,2.257659333e-03,-3.414273262e-02,1.800346375e-02,2.257659333e-03,3.859858587e-02,2.257659333e-03
183,2.000000000e+00,5.000000000e+00,1.570796371e+00,1.963257909e+00,5.020462036e+00,1.573719263e+00,2.046203613e-02,3.674209118e-02,2.922865562e-03,4.205563292e-02,2.922865562e-03
184,2.000000000e+00,6.000000000e+00,0.000000000e+00,1.963671684e+00,6.019783020e+00,2.089450136e-03,-3.632831573e-02,1.978302002e-02,2.089450136e-03,4.136561602e-02,2.089450136e-03
185,2.000000000e+00,7.000000000e+00,1.570796371e+00,1.964257002e+00,7.012049198e+00,1.573056459e+00,1.204919815e-02,3.574287891e-02,2.260107780e-03,3.771917894e-02,2.260107780e-03
186,2.000000000e+00,8.000000000e+00,0.000000000e+00,1.962599516e+00,8.011901855e+00,1.848472864e-03,-3.740048409e-02,1.190185547e-02,1.848472864e-03,3.924857080e-02,1.848472864e-03
187,3.000000000e+00,-8.000000000e+00,3.141592503e+00,3.007946730e+00,-7.988201141e+00,-3.138549089e+00,-7.946729660e-03,-1.179885864e-02,3.043670207e-03,1.422545500e-02,3.043670207e-03
188,3.000000000e+00,-7.000000000e+00,-1.570796371e+00,3.000880957e+00,-6.984056950e+00,-1.567911506e+00,-1.594305038e-02,8.809566498e-04,2.884825226e-03,1.596737094e-02,2.884825226e-03
189,3.000000000e+00,-6.000000000e+00,3.141592503e+00,2.994570017e+00,-5.985712528e+00,-3.139197826e+00,5.429983139e-03,-1.428747177e-02,2.394855488e-03,1.528452057e-02,2.394855488e-03
190,3.000000000e+00,-5.000000000e+00,-1.570796371e+00,2.990397692e+00,-4.984106541e+00,-1.568570971e+00,-1.589345932e-02,-9.602308273e-03,2.225365723e-03,1.856896281e-02,2.225365723e-03
191,3.000000000e+00,-4.000000000e+00,3.141592503e+00,2.995484352e+00,-3.990347862e+00,-3.139124393e+00,4.515647888e-03,-9.652137756e-03,2.468341263e-03,1.065621153e-02,2.468341263e-03
192,3.000000000e+00,-3.000000000e+00,-1.570796371e+00,2.989460230e+00,-2.988562822e+00,-1.568168163e+00,-1.143717766e-02,-1.053977013e-02,2.628251677e-03,1.555299945e-02,2.628251677e-03
193,3.000000000e+00,-2.000000000e+00,3.141592503e+00,2.983105421e+00,-1.992329955e+00,-3.139260054e+00,1.689457893e-02,-7.670044899e-03,2.332602162e-03,1.855414733e-02,2.332602162e-03
194,3.000000000e+00,-1.000000000e+00,-1.570796371e+00,2.987463474e+00,-9.882154465e-01,-1.568374395e+00,-1.178455353e-02,-1.253652573e-02,2.421983983e-03,1.720581949e-02,2.421983983e-03
195,3.000000000e+00,0.000000000e+00,3.141592503e+00,2.977910995e+00,1.904040948e-02,-3.138989687e+00,2.208900452e-02,-1.904040761e-02,2.603103407e-03,2.916266955e-02,2.603103407e-03
196,3.000000000e+00,1.000000000e+00,-1.570796371e+00,2.982455730e+00,1.014270306e+00,-1.568194747e+00,-1.427030563e-02,-1.754426956e-02,2.601649612e-03,2.261510491e-02,2.601649612e-03
197,3.000000000e+00,2.000000000e+00,3.141592503e+00,2.978314877e+00,2.019213200e+00,-3.139315605e+00,2.168512344e-02,-1.921319962e-02,2.277062042e-03,2.897225507e-02,2.277062042e-03
198,3.000000000e+00,3.000000000e+00,-1.570796371e+00,2.980495453e+00,3.026737452e+00,-1.568283677e+00,-2.673745155e-02,-1.950454712e-02,2.512721112e-03,3.309559822e-02,2.512721112e-03
199,3.000000000e+00,4.000000000e+00,3.141592503e+00,2.974100113e+00,4.023492336e+00,-3.139266491e+00,2.589988708e-02,-2.349233627e-02,2.326298738e-03,3.496704251e-02,2.326298738e-03
200,3.000000000e+00,5.000000000e+00,-1.570796371e+00,2.969501257e+00,5.026028633e+00,-1.567881346e+00,-2.602863312e-02,-3.049874306e-02,2.915034303e-03,4.009567201e-02,2.915034303e-03
201,3.000000000e+00,6.000000000e+00,3.141592503e+00,2.972494841e+00,6.021324635e+00,-3.139537573e+00,2.750515938e-02,-2.132463455e-02,2.055118792e-03,3.480336070e-02,2.055118792e-03
202,3.000000000e+00,7.000000000e+00,-1.570796371e+00,2.964452744e+00,7.017575741e+00,-1.568371296e+00,-1.757574081e-02,-3.554725647e-02,2.425126964e-03,3.965493664e-02,2.425126964e-03
203,3.000000000e+00,8.000000000e+00,3.141592503e+00,2.965791464e+00,8.017630577e+00,-3.139520645e+00,3.420853615e-02,-1.763057709e-02,2.072103554e-03,3.848455846e-02,2.072103554e-03
204,4.000000000e+00,-8.000000000e+00,0.000000000e+00,4.006944656e+00,-7.983283997e+00,2.935974393e-03,6.944656372e-03,1.671600342e-02,2.935974393e-03,1.810118742e-02,2.935974393e-03
205,4.000000000e+00,-7.000000000e+00,1.570796371e+00,3.996757269e+00,-6.975293636e+00,1.573536873e+00,2.470636368e-02,3.242731094e-03,2.740561031e-03,2.491826192e-02,2.740561031e-03
206,4.000000000e+00,-6.000000000e+00,0.000000000e+00,4.001269341e+00,-5.977731228e+00,2.755398396e-03,1.269340515e-03,2.226877213e-02,2.755398396e-03,2.230491862e-02,2.755398396e-03
207,4.000000000e+00,-5.000000000e+00,1.570796371e+00,3.993413687e+00,-4.980451584e+00,1.573806643e+00,1.954841614e-02,6.586313248e-03,3.010285320e-03,2.062813751e-02,3.010285320e-03
208,4.000000000e+00,-4.000000000e+00,0.000000000e+00,3.988179207e+00,-3.980650902e+00,2.646189183e-03,-1.182079315e-02,1.934909821e-02,2.646189183e-03,2.267418616e-02,2.646189183e-03
209,4.000000000e+00,-3.000000000e+00,1.570796371e+00,3.983917713e+00,-2.987761974e+00,1.572919011e+00,1.223802567e-02,1.608228683e-02,2.122671111e-03,2.020913735e-02,2.122671111e-03
210,4.000000000e+00,-2.000000000e+00,0.000000000e+00,3.988487720e+00,-1.982342362e+00,2.334169578e-03,-1.151227951e-02,1.765763760e-02,2.334169578e-03,2.107901126e-02,2.334169578e-03
211,4.000000000e+00,-1.000000000e+00,1.570796371e+00,3.980870008e+00,-9.882245064e-01,1.572890878e+00,1.177543402e-02,1.912999153e-02,2.094591269e-03,2.246369049e-02,2.094591269e-03
212,4.000000000e+00,0.000000000e+00,0.000000000e+00,3.980359793e+00,1.985342428e-02,2.394740470e-03,-1.964020729e-02,1.985342428e-02,2.394740470e-03,2.792662010e-02,2.394740470e-03
213,4.000000000e+00,1.000000000e+00,1.570796371e+00,3.980230570e+00,1.015492320e+00,1.573505402e+00,1.549237967e-02,1.976943016e-02,2.709043911e-03,2.511661313e-02,2.709043911e-03
214,4.000000000e+00,2.000000000e+00,0.000000000e+00,3.978131533e+00,2.015663385e+00,2.532931743e-03,-2.186846733e-02,1.566338539e-02,2.532931743e-03,2.689928561e-02,2.532931743e-03
215,4.000000000e+00,3.000000000e+00,1.570796371e+00,3.978311539e+00,3.022336483e+00,1.573346734e+00,2.233648300e-02,2.168822289e-02,2.550389851e-03,3.113354370e-02,2.550389851e-03
216,4.000000000e+00,4.000000000e+00,0.000000000e+00,3.971774340e+00,4.019248486e+00,2.442756435e-03,-2.822566032e-02,1.924848557e-02,2.442756435e-03,3.416419402e-02,2.442756435e-03
217,4.000000000e+00,5.000000000e+00,1.570796371e+00,3.969867945e+00,5.026173115e+00,1.572998524e+00,2.617311478e-02,3.013181686e-02,2.202183008e-03,3.991188109e-02,2.202183008e-03
218,4.000000000e+00,6.000000000e+00,0.000000000e+00,3.975419283e+00,6.018530846e+00,2.336604754e-03,-2.458071709e-02,1.853084564e-02,2.336604754e-03,3.078317642e-02,2.336604754e-03
219,4.000000000e+00,7.000000000e+00,1.570796371e+00,3.967741013e+00,7.013485432e+00,1.573331714e+00,1.348543167e-02,3.225922585e-02,2.535367617e-03,3.496447578e-02,2.535367617e-03
220,4.000000000e+00,8.000000000e+00,0.000000000e+00,3.971915245e+00,8.014068604e+00,1.785210450e-03,-2.808475494e-02,1.406860352e-02,1.785210450e-03,3.141144663e-02,1.785210450e-03
221,5.000000000e+00,-8.000000000e+00,3.141592503e+00,5.002772808e+00,-7.980941296e+00,-3.138966560e+00,-2.772808075e-03,-1.905870438e-02,2.626099857e-03,1.925935410e-02,2.626099857e-03
222,5.000000000e+00,-7.000000000e+00,-1.570796371e+00,4.994192600e+00,-6.975969315e+00,-1.567907453e+00,-2.403068542e-02,-5.807399750e-03,2.888882067e-03,2.472245321e-02,2.888882067e-03
223,5.000000000e+00,-6.000000000e+00,3.141592503e+00,4.996347904e+00,-5.975983620e+00,-3.138473034e+00,3.652095795e-03,-2.401638031e-02,3.119732719e-03,2.429247461e-02,3.119732719e-03
224,5.000000000e+00,-5.000000000e+00,-1.570796371e+00,4.998837471e+00,-4.981517792e+00,-1.568124533e+00,-1.848220825e-02,-1.162528992e-03,2.671885071e-03,1.851873286e-02,2.671885071e-03
225,5.000000000e+00,-4.000000000e+00,3.141592503e+00,4.995624542e+00,-3.975375891e+00,-3.139160633e+00,4.375457764e-03,-2.462410927e-02,2.432089066e-03,2.500982583e-02,2.432089066e-03
226,5.000000000e+00,-3.000000000e+00,-1.570796371e+00,4.987525463e+00,-2.981184006e+00,-1.568031430e+00,-1.881599426e-02,-1.247453690e-02,2.764971694e-03,2.257555537e-02,2.764971694e-03
227,5.000000000e+00,-2.000000000e+00,3.141592503e+00,4.991402626e+00,-1.981831789e+00,-3.138686419e+00,8.597373962e-03,-1.816821098e-02,2.906425390e-03,2.009971999e-02,2.906425390e-03
228,5.000000000e+00,-1.000000000e+00,-1.570796371e+00,4.983099461e+00,-9.797511697e-01,-1.568018079e+00,-2.024883032e-02,-1.690053940e-02,2.778259106e-03,2.637505159e-02,2.778259106e-03
229,5.000000000e+00,0.000000000e+00,3.141592503e+00,4.983263969e+00,2.014528960e-02,-3.139431477e+00,1.673603058e-02,-2.014528774e-02,2.161181998e-03,2.619021386e-02,2.161181998e-03
230,5.000000000e+00,1.000000000e+00,-1.570796371e+00,4.985437393e+00,1.013401985e+00,-1.568609715e+00,-1.340198517e-02,-1.456260681e-02,2.186602447e-03,1.979097538e-02,2.186602447e-03
231,5.000000000e+00,2.000000000e+00,3.141592503e+00,4.978700161e+00,2.016597748e+00,-3.139795780e+00,2.129983902e-02,-1.659774780e-02,1.797077712e-03,2.700311691e-02,1.797077712e-03
232,5.000000000e+00,3.000000000e+00,-1.570796371e+00,4.980860710e+00,3.021950960e+00,-1.568872213e+00,-2.195096016e-02,-1.913928986e-02,1.924166689e-03,2.912313677e-02,1.924166689e-03
233,5.000000000e+00,4.000000000e+00,3.141592503e+00,4.978254318e+00,4.023536682e+00,-3.138893127e+00,2.174568176e-02,-2.353668213e-02,2.699550241e-03,3.204450011e-02,2.699550241e-03
234,5.000000000e+00,5.000000000e+00,-1.570796371e+00,4.976314068e+00,5.028878689e+00,-1.568339348e+00,-2.887868881e-02,-2.368593216e-02,2.457043622e-03,3.734972700e-02,2.457043622e-03
235,5.000000000e+00,6.000000000e+00,3.141592503e+00,4.972615719e+00,6.022818565e+00,-3.139723301e+00,2.738428116e-02,-2.281856537e-02,1.869524946e-03,3.564527631e-02,1.869524946e-03
236,5.000000000e+00,7.000000000e+00,-1.570796371e+00,4.974302292e+00,7.020864964e+00,-1.568600893e+00,-2.086496353e-02,-2.569770813e-02,2.195465844e-03,3.310164437e-02,2.195465844e-03
237,5.000000000e+00,8.000000000e+00,3.141592503e+00,4.964275360e+00,8.019798279e+00,-3.139494181e+00,3.572463989e-02,-1.979827881e-02,2.098596888e-03,4.084387049e-02,2.098596888e-03
238,6.000000000e+00,-8.000000000e+00,0.000000000e+00,5.996592522e+00,-7.971796989e+00,2.721787198e-03,-3.407478333e-03,2.820301056e-02,2.721787198e-03,2.840811014e-02,2.721787198e-03
239,6.000000000e+00,-7.000000000e+00,1.570796371e+00,5.999238491e+00,-6.972321033e+00,1.573234916e+00,2.767896652e-02,7.615089417e-04,2.438605065e-03,2.768944018e-02,2.438605065e-03
240,6.000000000e+00,-6.000000000e+00,0.000000000e+00,6.000488281e+00,-5.979417324e+00,2.374187345e-03,4.882812500e-04,2.058267593e-02,2.374187345e-03,2.058846690e-02,2.374187345e-03
241,6.000000000e+00,-5.000000000e+00,1.570796371e+00,5.997264385e+00,-4.976262569e+00,1.573868275e+00,2.373743057e-02,2.735614777e-03,3.071929095e-03,2.389454283e-02,3.071929095e-03
242,6.000000000e+00,-4.000000000e+00,0.000000000e+00,5.990643501e+00,-3.979675055e+00,2.683446277e-03,-9.356498718e-03,2.032494545e-02,2.683446277e-03,2.237515338e-02,2.683446277e-03
243,6.000000000e+00,-3.000000000e+00,1.570796371e+00,5.985790730e+00,-2.984209061e+00,1.572693229e+00,1.579093933e-02,1.420927048e-02,1.896901289e-03,2.124281414e-02,1.896901289e-03
244,6.000000000e+00,-2.000000000e+00,0.000000000e+00,5.985772610e+00,-1.978480220e+00,2.860304434e-03,-1.422739029e-02,2.151978016e-02,2.860304434e-03,2.579766512e-02,2.860304434e-03
245,6.000000000e+00,-1.000000000e+00,1.570796371e+00,5.982684612e+00,-9.857409000e-01,1.573521256e+00,1.425909996e-02,1.731538773e-02,2.724954626e-03,2.243088372e-02,2.724954626e-03
246,6.000000000e+00,0.000000000e+00,0.000000000e+00,5.987035751e+00,2.215845324e-02,2.592775505e-03,-1.296424866e-02,2.215845324e-02,2.592775505e-03,2.567233518e-02,2.592775505e-03
247,6.000000000e+00,1.000000000e+00,1.570796371e+00,5.982904434e+00,1.020331502e+00,1.572747231e+00,2.033150196e-02,1.709556580e-02,1.950940117e-03,2.656366490e-02,1.950940117e-03
248,6.000000000e+00,2.000000000e+00,0.000000000e+00,5.979426861e+00,2.018435478e+00,2.413903363e-03,-2.057313919e-02,1.843547821e-02,2.413903363e-03,2.762464434e-02,2.413903363e-03
249,6.000000000e+00,3.000000000e+00,1.570796371e+00,5.978335857e+00,3.025768518e+00,1.573091149e+00,2.576851845e-02,2.166414261e-02,2.294869395e-03,3.366528824e-02,2.294869395e-03
250,6.000000000e+00,4.000000000e+00,0.000000000e+00,5.973529339e+00,4.032989502e+00,2.564736875e-03,-2.647066116e-02,3.298950195e-02,2.564736875e-03,4.229661077e-02,2.564736875e-03
251,6.000000000e+00,5.000000000e+00,1.570796371e+00,5.973301411e+00,5.028903961e+00,1.573688388e+00,2.890396118e-02,2.669858932e-02,2.892062766e-03,3.934785351e-02,2.892062766e-03
252,6.000000000e+00,6.000000000e+00,0.000000000e+00,5.969743729e+00,6.021665573e+00,2.311647171e-03,-3.025627136e-02,2.166557312e-02,2.311647171e-03,3.721342608e-02,2.311647171e-03
253,6.000000000e+00,7.000000000e+00,1.570796371e+00,5.969955921e+00,7.023038864e+00,1.573601604e+00,2.303886414e-02,3.004407883e-02,2.805256518e-03,3.786074370e-02,2.805256518e-03
254,6.000000000e+00,8.000000000e+00,0.000000000e+00,5.968727589e+00,8.024022102e+00,2.145398175e-03,-3.127241135e-02,2.402210236e-02,2.145398175e-03,3.943380713e-02,2.145398175e-03
255,7.000000000e+00,-8.000000000e+00,3.141592503e+00,7.001149654e+00,-7.969974518e+00,-3.139113188e+00,-1.149654388e-03,-3.002548218e-02,2.479485702e-03,3.004748374e-02,2.479485702e-03
256,7.000000000e+00,-7.000000000e+00,-1.570796371e+00,6.996129990e+00,-6.972209930e+00,-1.568291545e+00,-2.779006958e-02,-3.870010376e-03,2.504802542e-03,2.805824205e-02,2.504802542e-03
257,7.000000000e+00,-6.000000000e+00,3.141592503e+00,6.996186256e+00,-5.981687546e+00,-3.139102221e+00,3.813743591e-03,-1.831245422e-02,2.490536543e-03,1.870536245e-02,2.490536543e-03
258,7.000000000e+00,-5.000000000e+00,-1.570796371e+00,6.996265888e+00,-4.979377747e+00,-1.567486882e+00,-2.062225342e-02,-3.734111786e-03,3.309499938e-03,2.095759846e-02,3.309499938e-03
259,7.000000000e+00,-4.000000000e+00,3.141592503e+00,6.990638256e+00,-3.970911980e+00,-3.138175249e+00,9.361743927e-03,-2.908802032e-02,3.417499363e-03,3.055740707e-02,3.417499363e-03
260,7.000000000e+00,-3.000000000e+00,-1.570796371e+00,6.988455296e+00,-2.976217985e+00,-1.567989111e+00,-2.378201485e-02,-1.154470444e-02,2.807224402e-03,2.643604390e-02,2.807224402e-03
261,7.000000000e+00,-2.000000000e+00,3.141592503e+00,6.977672100e+00,-1.975392342e+00,-3.138610601e+00,2.232789993e-02,-2.460765839e-02,2.982136561e-03,3.322757781e-02,2.982136561e-03
262,7.000000000e+00,-1.000000000e+00,-1.570796371e+00,6.978038311e+00,-9.816377163e-01,-1.567973018e+00,-1.836228371e-02,-2.196168900e-02,2.823309274e-03,2.862672321e-02,2.823309274e-03
263,7.000000000e+00,0.000000000e+00,3.141592503e+00,6.982164383e+00,2.300852723e-02,-3.138635874e+00,1.783561707e-02,-2.300852537e-02,2.956854180e-03,2.911187895e-02,2.956854180e-03
264,7.000000000e+00,1.000000000e+00,-1.570796371e+00,6.983168602e+00,1.023896933e+00,-1.568431854e+00,-2.389693260e-02,-1.683139801e-02,2.364558866e-03,2.922942676e-02,2.364558866e-03
265,7.000000000e+00,2.000000000e+00,3.141592503e+00,6.975700378e+00,2.019034863e+00,-3.139579296e+00,2.429962158e-02,-1.903486252e-02,2.013408579e-03,3.086742014e-02,2.013408579e-03
266,7.000000000e+00,3.000000000e+00,-1.570796371e+00,6.976353168e+00,3.020438671e+00,-1.569148421e+00,-2.043867111e-02,-2.364683151e-02,1.647904399e-03,3.125559166e-02,1.647904399e-03
267,7.000000000e+00,4.000000000e+00,3.141592503e+00,6.970447063e+00,4.027490139e+00,-3.139521599e+00,2.955293655e-02,-2.749013901e-02,2.071136143e-03,4.036191106e-02,2.071136143e-03
268,7.000000000e+00,5.000000000e+00,-1.570796371e+00,6.972050190e+00,5.033258915e+00,-1.568370581e+00,-3.325891495e-02,-2.794981003e-02,2.425849205e-03,4.344360903e-02,2.425849205e-03
269,7.000000000e+00,6.000000000e+00,3.141592503e+00,6.968520641e+00,6.027433395e+00,-3.139717102e+00,3.147935867e-02,-2.743339539e-02,1.875544898e-03,4.175573215e-02,1.875544898e-03
270,7.000000000e+00,7.000000000e+00,-1.570796371e+00,6.971264839e+00,7.030029297e+00,-1.568564534e+00,-3.002929688e-02,-2.873516083e-02,2.231876133e-03,4.156282172e-02,2.231876133e-03
271,7.000000000e+00,8.000000000e+00,3.141592503e+00,6.959986687e+00,8.030026436e+00,-3.138915062e+00,4.001331329e-02,-3.002643585e-02,2.677699318e-03,5.002651364e-02,2.677699318e-03
272,8.000000000e+00,-8.000000000e+00,0.000000000e+00,8.002321243e+00,-7.967025757e+00,2.612900920e-03,2.321243286e-03,3.297424316e-02,2.612900920e-03,3.305584565e-02,2.612900920e-03
273,8.000000000e+00,-7.000000000e+00,1.570796371e+00,7.997895241e+00,-6.960985184e+00,1.573370099e+00,3.901481628e-02,2.104759216e-03,2.573789097e-03,3.907154873e-02,2.573789097e-03
274,8.000000000e+00,-6.000000000e+00,0.000000000e+00,7.991235256e+00,-5.970105648e+00,2.470705891e-03,-8.764743805e-03,2.989435196e-02,2.470705891e-03,3.115273640e-02,2.470705891e-03
275,8.000000000e+00,-5.000000000e+00,1.570796371e+00,7.993520737e+00,-4.969190598e+00,1.574185610e+00,3.080940247e-02,6.479263306e-03,3.389311256e-03,3.148332983e-02,3.389311256e-03
276,8.000000000e+00,-4.000000000e+00,0.000000000e+00,7.986972332e+00,-3.975558281e+00,2.614082769e-03,-1.302766800e-02,2.444171906e-02,2.614082769e-03,2.769689076e-02,2.614082769e-03
277,8.000000000e+00,-3.000000000e+00,1.570796371e+00,7.984637737e+00,-2.973777771e+00,1.574021578e+00,2.622222900e-02,1.536226273e-02,3.225248307e-03,3.039086051e-02,3.225248307e-03
278,8.000000000e+00,-2.000000000e+00,0.000000000e+00,7.984909058e+00,-1.972314715e+00,2.736803610e-03,-1.509094238e-02,2.768528461e-02,2.736803610e-03,3.153112158e-02,2.736803610e-03
279,8.000000000e+00,-1.000000000e+00,1.570796371e+00,7.978932858e+00,-9.753494263e-01,1.573972225e+00,2.465057373e-02,2.106714249e-02,3.175914986e-03,3.242646158e-02,3.175914986e-03
280,8.000000000e+00,0.000000000e+00,0.000000000e+00,7.980568409e+00,2.410702780e-02,2.891142387e-03,-1.943159103e-02,2.410702780e-02,2.891142387e-03,3.096345440e-02,2.891142387e-03
281,8.000000000e+00,1.000000000e+00,1.570796371e+00,7.979292870e+00,1.017156005e+00,1.572597265e+00,1.715600491e-02,2.070713043e-02,1.800985425e-03,2.689077519e-02,1.800985425e-03
282,8.000000000e+00,2.000000000e+00,0.000000000e+00,7.972991467e+00,2.022530556e+00,2.484765369e-03,-2.700853348e-02,2.253055573e-02,2.484765369e-03,3.517224640e-02,2.484765369e-03
283,8.000000000e+00,3.000000000e+00,1.570796371e+00,7.975941658e+00,3.029459238e+00,1.573145747e+00,2.945923805e-02,2.405834198e-02,2.349421615e-03,3.803486004e-02,2.349421615e-03
284,8.000000000e+00,4.000000000e+00,0.000000000e+00,7.969028473e+00,4.037559032e+00,2.879043808e-03,-3.097152710e-02,3.755903244e-02,2.879043808e-03,4.868178815e-02,2.879043808e-03
285,8.000000000e+00,5.000000000e+00,1.570796371e+00,7.968296528e+00,5.031918526e+00,1.573518991e+00,3.191852570e-02,3.170347214e-02,2.722639823e-03,4.498780146e-02,2.722639823e-03
286,8.000000000e+00,6.000000000e+00,0.000000000e+00,7.968179703e+00,6.031373024e+00,2.549270168e-03,-3.182029724e-02,3.137302399e-02,2.549270168e-03,4.468554631e-02,2.549270168e-03
287,8.000000000e+00,7.000000000e+00,1.570796371e+00,7.967828274e+00,7.028244972e+00,1.573072910e+00,2.824497223e-02,3.217124939e-02,2.276560524e-03,4.281083494e-02,2.276560524e-03
288,8.000000000e+00,8.000000000e+00,0.000000000e+00,7.962116241e+00,8.034914017e+00,2.560716821e-03,-3.788375854e-02,3.491401672e-02,2.560716821e-03,5.151861534e-02,2.560716821e-03
