trial,gt_x,gt_y,gt_th,est_x,est_y,est_th,info_00,info_01,info_02,info_10,info_11,info_12,info_20,info_21,info_22,err_x,err_y,err_th,err_trans,err_rot,time_ms
0,-1.351036787e+00,1.445169449e+00,-5.775851011e-02,-1.351892114e+00,1.447545886e+00,-5.768673122e-02,7.189797363e+02,-3.199996352e-01,6.426783447e+02,-3.199996352e-01,7.180176392e+02,6.736278076e+02,6.426783447e+02,6.736278076e+02,3.820701172e+04,-7.520914078e-04,2.474069595e-03,7.177892257e-05,2.585858107e-03,7.177892257e-05,8.48816399999999938e+00
1,-5.945180655e-01,1.208148241e+00,2.258144766e-01,-5.949716568e-01,1.204960585e+00,2.259270251e-01,7.179901733e+02,-7.408832550e+00,6.064490967e+02,-7.408832550e+00,7.170092773e+02,1.652394104e+02,6.064490967e+02,1.652394104e+02,3.678212500e+04,-3.175735474e-04,-3.120660782e-03,1.125335766e-04,3.136778018e-03,1.125335766e-04,2.58717499999999978e+00
2,-2.740764618e-02,-1.356167078e+00,3.105200827e-01,-2.996753901e-02,-1.356563926e+00,3.109234869e-01,7.160402222e+02,4.425097466e+00,-5.526450195e+02,4.425097466e+00,7.209617920e+02,1.873139954e+02,-5.526450195e+02,1.873139954e+02,3.730101172e+04,-3.106884658e-03,-3.854036331e-04,4.033742589e-04,3.130697645e-03,4.033742589e-04,8.55584099999999914e+00
3,1.321682930e-01,-3.224205971e-02,-1.760355979e-01,1.312858909e-01,-3.028150089e-02,-1.759546846e-01,7.183109741e+02,4.873065948e+00,-1.714007187e+01,4.873065948e+00,7.196892090e+02,1.506605625e+01,-1.714007187e+01,1.506605625e+01,3.722322656e+04,-8.850097656e-04,1.949863508e-03,8.089841140e-05,2.141310368e-03,8.089841140e-05,2.26897200000000021e+00
4,1.200161457e+00,1.163178444e+00,-1.132932305e-01,1.199782252e+00,1.165621638e+00,-1.130015329e-01,7.166322632e+02,-8.854225278e-02,5.282661743e+02,-8.854225278e-02,7.173667603e+02,-5.051781921e+02,5.282661743e+02,-5.051781921e+02,3.779771875e+04,-3.969669342e-05,2.093195915e-03,2.917051897e-04,2.093572402e-03,2.917051897e-04,2.18585999999999991e+00
5,-1.400194287e+00,-3.922595978e-01,-1.090205833e-01,-1.400475860e+00,-3.928007185e-01,-1.088051200e-01,7.237769775e+02,-6.857229233e+00,-2.697258911e+02,-6.857229233e+00,7.142231445e+02,6.054068604e+02,-2.697258911e+02,6.054068604e+02,3.719880859e+04,-3.660917282e-04,-2.394616604e-04,2.154558897e-04,4.374528944e-04,2.154558897e-04,1.76079900000000000e+00
6,8.407561779e-01,-1.011383653e+00,-2.714316845e-01,8.405838609e-01,-1.010791302e+00,-2.713414729e-01,7.154415283e+02,1.772603273e+00,-3.083924866e+02,1.772603273e+00,7.195592041e+02,-4.254141846e+02,-3.083924866e+02,-4.254141846e+02,3.675511328e+04,-2.636313438e-04,5.165338516e-04,9.024143219e-05,5.799212959e-04,9.024143219e-05,1.89615299999999998e+00
7,-8.690943718e-01,-3.307834864e-01,2.634497881e-01,-8.725214005e-01,-3.283895254e-01,2.638465464e-01,7.267963257e+02,-3.101581097e+00,-6.153967285e+01,-3.101581097e+00,7.132033691e+02,4.414132080e+02,-6.153967285e+01,4.414132080e+02,3.766683984e+04,-3.558337688e-03,2.738803625e-03,3.967881203e-04,4.490301944e-03,3.967881203e-04,2.23335200000000000e+00
8,-2.882635593e-01,-6.817408800e-01,-1.803335249e-01,-2.880367339e-01,-6.831490993e-01,-1.798832715e-01,7.199139404e+02,-1.596264362e+00,-3.277502136e+02,-1.596264362e+00,7.180855713e+02,1.371417236e+02,-3.277502136e+02,1.371417236e+02,3.660888672e+04,-8.016824722e-05,-1.278519630e-03,4.502386146e-04,1.281030593e-03,4.502386146e-04,2.44588299999999981e+00
9,-8.297401667e-01,-1.210636377e+00,-5.276501179e-03,-8.293288350e-01,-1.210050344e+00,-5.116621032e-03,7.166961670e+02,-1.520151019e+00,-5.751539917e+02,-1.520151019e+00,7.223045044e+02,3.702849731e+02,-5.751539917e+02,3.702849731e+02,3.788730078e+04,2.177953720e-04,7.185935974e-04,1.598796807e-04,7.508738781e-04,1.598796807e-04,2.44113399999999992e+00
10,1.326151848e+00,-2.909553051e-02,-2.569311261e-01,1.324790001e+00,-2.933944017e-02,-2.567254007e-01,7.277761841e+02,-9.213122725e-01,9.775705719e+01,-9.213122725e-01,7.062229614e+02,-5.685805664e+02,9.775705719e+01,-5.685805664e+02,3.589521875e+04,-1.367688179e-03,-5.167201161e-04,2.057254605e-04,1.462043263e-03,2.057254605e-04,8.47510300000000072e+00
11,4.559059143e-01,1.368403673e+00,3.176104128e-01,4.545961916e-01,1.369566679e+00,3.175248504e-01,7.107144775e+02,2.669360638e+00,4.941559143e+02,2.669360638e+00,7.212845459e+02,-3.601390076e+02,4.941559143e+02,-3.601390076e+02,3.710548828e+04,-1.426756382e-03,1.202106476e-03,-8.553267253e-05,1.865661703e-03,8.553267253e-05,2.24878700000000009e+00
12,-1.320661306e+00,7.725110054e-01,5.250552669e-02,-1.320325136e+00,7.738566995e-01,5.254576355e-02,7.208430176e+02,-2.847417593e+00,3.137568665e+02,-2.847417593e+00,7.141580811e+02,5.296492310e+02,3.137568665e+02,5.296492310e+02,3.745105469e+04,3.671646118e-04,1.398861408e-03,4.023686051e-05,1.446244540e-03,4.023686051e-05,8.39911400000000086e+00
13,1.586434841e-01,-7.956602573e-01,-4.520702362e-02,1.589788795e-01,-7.971227169e-01,-4.500303417e-02,7.157500610e+02,-2.469471931e+00,-3.918123474e+02,-2.469471931e+00,7.232525635e+02,-3.159972572e+01,-3.918123474e+02,-3.159972572e+01,3.711105078e+04,1.730322838e-04,-1.494467258e-03,2.039893734e-04,1.504450920e-03,2.039893734e-04,8.76362199999999980e+00
14,9.635820389e-01,-1.340542316e+00,-1.025146767e-01,9.656832814e-01,-1.338610172e+00,-1.022174135e-01,7.086331177e+02,-1.947024941e+00,-4.302504883e+02,-1.947024941e+00,7.243661499e+02,-5.144208374e+02,-4.302504883e+02,-5.144208374e+02,3.736659766e+04,1.702845097e-03,1.645445824e-03,2.972632938e-04,2.367947018e-03,2.972632938e-04,2.16448699999999983e+00
15,-2.850558758e-01,-1.453789711e+00,-1.239108741e-01,-2.880996764e-01,-1.454013824e+00,-1.239191145e-01,7.096223755e+02,8.846864104e-02,-5.924450073e+02,8.846864104e-02,7.233769531e+02,3.321778870e+01,-5.924450073e+02,3.321778870e+01,3.703823438e+04,-3.031820059e-03,-2.264976501e-04,-8.240343050e-06,3.040268784e-03,8.240343050e-06,1.77385900000000007e+00
16,-9.930298924e-01,1.225300789e+00,-3.190295994e-01,-9.907826185e-01,1.226598144e+00,-3.189009428e-01,7.163692017e+02,-2.177436829e+00,3.574999695e+02,-2.177436829e+00,7.216308594e+02,6.040278931e+02,3.574999695e+02,6.040278931e+02,3.682699219e+04,2.404928207e-03,1.425147057e-03,1.286566403e-04,2.795482753e-03,1.286566403e-04,8.54159300000000066e+00
17,-7.251123190e-01,4.473464489e-01,2.158184946e-01,-7.266758680e-01,4.456309080e-01,2.156983614e-01,7.221533203e+02,3.122975588e+00,2.507310028e+02,3.122975588e+00,7.158467407e+02,2.445195007e+02,2.507310028e+02,2.445195007e+02,3.647526953e+04,-1.617252827e-03,-1.802623272e-03,-1.201182604e-04,2.421767451e-03,1.201182604e-04,2.14074099999999978e+00
18,4.432379007e-01,-1.110460401e+00,1.617727578e-01,4.440051317e-01,-1.113443375e+00,1.617030352e-01,7.144351196e+02,1.481661350e-01,-5.382902832e+02,1.481661350e-01,7.195644531e+02,-7.451624298e+01,-5.382902832e+02,-7.451624298e+01,3.636138672e+04,8.446872234e-04,-2.952218056e-03,-6.970763934e-05,3.070682054e-03,6.970763934e-05,2.51474699999999984e+00
19,-3.644987345e-01,-1.472288370e-01,-4.658729304e-03,-3.647390008e-01,-1.510070562e-01,-4.199694842e-03,7.185369263e+02,-2.610925198e+00,-1.329310455e+02,-2.610925198e+00,7.184646606e+02,1.088362808e+02,-1.329310455e+02,1.088362808e+02,3.534673828e+04,-3.078579903e-04,-3.610894084e-03,4.590339668e-04,3.623994067e-03,4.590339668e-04,2.60617099999999979e+00
20,-6.110376120e-01,6.554098129e-01,3.281837702e-02,-6.122810841e-01,6.542365551e-01,3.313343227e-02,7.266033325e+02,3.420993567e+00,2.621212158e+02,3.420993567e+00,7.103972168e+02,1.486442719e+02,2.621212158e+02,1.486442719e+02,3.694619922e+04,-1.037001610e-03,-9.807944298e-04,3.150552511e-04,1.427350682e-03,3.150552511e-04,2.00538600000000011e+00
21,3.703067303e-01,7.340784073e-01,-1.481400728e-01,3.719637692e-01,7.349690795e-01,-1.479296982e-01,7.172174683e+02,2.177269459e+00,2.770198364e+02,2.177269459e+00,7.187826538e+02,-9.399973297e+01,2.770198364e+02,-9.399973297e+01,3.651735938e+04,1.811504364e-03,8.127689362e-04,2.103746228e-04,1.985482639e-03,2.103746228e-04,2.33664899999999998e+00
22,5.603263378e-01,9.356219769e-01,-2.171503752e-01,5.623340607e-01,9.392520189e-01,-2.167358696e-01,7.235492554e+02,6.327579021e-01,5.198342896e+02,6.327579021e-01,7.164507446e+02,-1.560323181e+02,5.198342896e+02,-1.560323181e+02,3.720126562e+04,2.395570278e-03,3.397941589e-03,4.145056591e-04,4.157495219e-03,4.145056591e-04,2.11461999999999994e+00
23,-3.428684473e-01,-9.494665265e-01,-1.308941245e-01,-3.439665139e-01,-9.502391219e-01,-1.306447834e-01,7.185811768e+02,3.957149684e-01,-3.635904846e+02,3.957149684e-01,7.194182739e+02,1.179089203e+02,-3.635904846e+02,1.179089203e+02,3.675950391e+04,-1.334816217e-03,-6.872415543e-04,2.493411885e-04,1.501344494e-03,2.493411885e-04,8.35518399999999950e+00
24,3.768557310e-01,-4.682108164e-01,-9.181508422e-02,3.762745261e-01,-4.658240378e-01,-9.123733640e-02,7.187767334e+02,3.519980669e+00,-1.405143127e+02,3.519980669e+00,7.182241211e+02,-2.389446716e+02,-1.405143127e+02,-2.389446716e+02,3.560630078e+04,-8.516907692e-04,2.169042826e-03,5.777403712e-04,2.330262680e-03,5.777403712e-04,1.82847599999999999e+00
25,5.078554153e-01,8.406822681e-01,2.204484046e-01,5.091913939e-01,8.406782150e-01,2.207415551e-01,7.187905884e+02,3.597667456e+00,1.949004517e+02,3.597667456e+00,7.182094116e+02,-1.877570801e+02,1.949004517e+02,-1.877570801e+02,3.581169922e+04,1.582384109e-03,-1.529455185e-04,2.931505442e-04,1.589758438e-03,2.931505442e-04,2.46844200000000003e+00
26,1.288157940e+00,-3.617434502e-01,-2.924293876e-01,1.289414525e+00,-3.589679301e-01,-2.919383049e-01,7.245919189e+02,-3.662006557e-01,-4.093621445e+01,-3.662006557e-01,7.094080811e+02,-5.300812988e+02,-4.093621445e+01,-5.300812988e+02,3.653508984e+04,1.079201698e-03,2.142846584e-03,4.910826683e-04,2.399263903e-03,4.910826683e-04,2.03269499999999992e+00
27,-5.891581178e-01,8.271379471e-01,-2.897462249e-02,-5.884634256e-01,8.289379478e-01,-2.862654813e-02,7.167387085e+02,-9.583350420e-01,3.430635376e+02,-9.583350420e-01,7.192615967e+02,2.919522095e+02,3.430635376e+02,2.919522095e+02,3.755200391e+04,9.826421738e-04,2.005100250e-03,3.480743617e-04,2.232938074e-03,3.480743617e-04,1.59101099999999995e+00
28,-1.924242973e-01,1.231694937e+00,-9.221166372e-03,-1.951310486e-01,1.231666207e+00,-8.766843937e-03,7.192496948e+02,2.457500935e+00,5.597905884e+02,2.457500935e+00,7.197510376e+02,1.326182861e+02,5.597905884e+02,1.326182861e+02,3.735290234e+04,-2.147167921e-03,5.853176117e-05,4.543233372e-04,2.147965599e-03,4.543233372e-04,1.58032599999999990e+00
29,7.673697472e-01,-1.596487761e-01,-7.946342230e-03,7.657224536e-01,-1.580154002e-01,-7.378468756e-03,7.202111816e+02,-2.805663109e+00,-7.459145355e+01,-2.805663109e+00,7.147887573e+02,-2.581428833e+02,-7.459145355e+01,-2.581428833e+02,3.552101953e+04,-1.737892628e-03,1.197591424e-03,5.678734742e-04,2.110567642e-03,5.678734742e-04,2.12055699999999980e+00
30,2.552604675e-02,-1.175814271e+00,-1.351935714e-01,2.505829372e-02,-1.176629543e+00,-1.350278556e-01,7.118578491e+02,-6.139307022e-01,-3.916950378e+02,-6.139307022e-01,7.241425171e+02,-9.290804291e+01,-3.916950378e+02,-9.290804291e+01,3.709235547e+04,-6.626155227e-04,-8.195638657e-04,1.657307148e-04,1.053918502e-03,1.657307148e-04,8.58314900000000058e+00
31,1.110560179e+00,3.231477737e-02,-7.428830117e-02,1.108501077e+00,3.310561925e-02,-7.419148833e-02,7.208919067e+02,4.400706291e+00,4.713895416e+01,4.400706291e+00,7.161090698e+02,-3.528402710e+02,4.713895416e+01,-3.528402710e+02,3.639463672e+04,-2.056241035e-03,6.833150983e-04,9.681282972e-05,2.166805556e-03,9.681282972e-05,8.44542000000000037e+00
32,8.844943047e-01,-4.174178839e-01,2.217459977e-01,8.845161200e-01,-4.165854752e-01,2.217567414e-01,7.181502686e+02,-2.971209288e-01,-1.931570740e+02,-2.971209288e-01,7.178483887e+02,-2.944300537e+02,-1.931570740e+02,-2.944300537e+02,3.672621094e+04,1.740455627e-05,8.228719234e-04,1.072883697e-05,8.230559761e-04,1.072883697e-05,2.71896700000000013e+00
33,1.314164400e-01,4.329543114e-01,2.912032306e-01,1.301048100e-01,4.337527156e-01,2.912242115e-01,7.183423462e+02,-5.047478676e-01,1.726278839e+02,-5.047478676e-01,7.196571045e+02,-1.117218704e+02,1.726278839e+02,-1.117218704e+02,3.632313672e+04,-1.302525401e-03,7.956624031e-04,2.098083678e-05,1.526319422e-03,2.098083678e-05,2.15617599999999987e+00
34,9.347414970e-01,-1.079568505e+00,-8.474662900e-02,9.355180860e-01,-1.081647277e+00,-8.439841121e-02,7.188690796e+02,2.408756256e+00,-4.045227661e+02,2.408756256e+00,7.201314697e+02,-5.299686279e+02,-4.045227661e+02,-5.299686279e+02,3.801791016e+04,4.007816315e-04,-2.404332161e-03,3.482178145e-04,2.437506802e-03,3.482178145e-04,8.75293600000000005e+00
35,1.346775293e+00,9.847676754e-02,-2.095282823e-01,1.347401977e+00,9.916341305e-02,-2.094420940e-01,7.212729492e+02,7.453361750e-01,9.855118561e+01,7.453361750e-01,7.127265625e+02,-5.305008545e+02,9.855118561e+01,-5.305008545e+02,3.689892969e+04,6.351470947e-04,5.705654621e-04,8.618831635e-05,8.537896792e-04,8.618831635e-05,8.58671200000000034e+00
36,1.317004681e+00,1.470330000e+00,-1.042121351e-01,1.314436913e+00,1.473345518e+00,-1.038760468e-01,7.168768921e+02,4.998147488e+00,6.535267944e+02,4.998147488e+00,7.151232910e+02,-4.089856873e+02,6.535267944e+02,-4.089856873e+02,3.734080078e+04,-2.073526382e-03,2.573013306e-03,3.360957198e-04,3.304528538e-03,3.360957198e-04,1.94839500000000010e+00
37,-1.450438261e+00,1.127828598e+00,-1.814612299e-01,-1.449007869e+00,1.127730966e+00,-1.810268611e-01,7.192082520e+02,1.013162136e+00,2.929559326e+02,1.013162136e+00,7.167922363e+02,7.204542847e+02,2.929559326e+02,7.204542847e+02,3.760803906e+04,1.920104027e-03,5.325078964e-04,4.343688779e-04,1.992577221e-03,4.343688779e-04,2.38532900000000003e+00
38,3.674252033e-01,-3.341544867e-01,3.501573205e-02,3.672360182e-01,-3.344604969e-01,3.506823629e-02,7.237591553e+02,2.902896643e+00,-7.576094818e+01,2.902896643e+00,7.122411499e+02,-6.296691895e+01,-7.576094818e+01,-6.296691895e+01,3.697806250e+04,-2.067685127e-04,-3.252625465e-04,5.250796676e-05,3.854204551e-04,5.250796676e-05,1.91871199999999997e+00
39,-7.008576393e-02,2.611341476e-01,1.952600032e-01,-6.947899610e-02,2.626194060e-01,1.956699640e-01,7.164075928e+02,-4.614597321e+00,1.137166214e+02,-4.614597321e+00,7.215923462e+02,1.512334538e+01,1.137166214e+02,1.512334538e+01,3.581935547e+04,7.138028741e-04,1.514077187e-03,4.099608050e-04,1.673900988e-03,4.099608050e-04,1.89971500000000004e+00
40,-5.962609649e-01,1.204140186e-01,-2.040343732e-01,-5.991991758e-01,1.213411987e-01,-2.039195448e-01,7.145624390e+02,1.487351537e+00,-7.427442169e+01,1.487351537e+00,7.214380493e+02,2.232161255e+02,-7.427442169e+01,2.232161255e+02,3.599817969e+04,-2.924382687e-03,9.956508875e-04,1.148283482e-04,3.089228878e-03,1.148283482e-04,8.45848100000000080e+00
41,1.200549603e+00,-8.722996712e-02,-3.361847103e-01,1.202659130e+00,-8.935915679e-02,-3.359013498e-01,7.238880005e+02,-1.016927481e+00,2.320428925e+02,-1.016927481e+00,7.131124878e+02,-4.980605164e+02,2.320428925e+02,-4.980605164e+02,3.678352734e+04,2.084851265e-03,-2.469412982e-03,2.833902545e-04,3.231811570e-03,2.833902545e-04,1.94008399999999992e+00
42,1.032926321e+00,-9.165138602e-01,-1.881547719e-01,1.031945944e+00,-9.171967506e-01,-1.878793091e-01,7.184259033e+02,-2.349542856e+00,-2.494097290e+02,-2.349542856e+00,7.195744629e+02,-5.424809570e+02,-2.494097290e+02,-5.424809570e+02,3.704269922e+04,-1.232743263e-03,-9.674429893e-04,2.754479647e-04,1.567036030e-03,2.754479647e-04,8.47154100000000021e+00
43,-1.763296127e-01,-9.157071114e-01,2.694775164e-01,-1.752496362e-01,-9.147812128e-01,2.698149979e-01,7.122918091e+02,-2.295097351e+00,-4.438389282e+02,-2.295097351e+00,7.277081299e+02,2.262043915e+02,-4.438389282e+02,2.262043915e+02,3.752119922e+04,7.709264755e-04,9.853839874e-04,3.374815278e-04,1.251123147e-03,3.374815278e-04,2.64297799999999983e+00
44,-9.878758788e-01,-1.056512952e+00,-1.913427114e-01,-9.861051440e-01,-1.057351351e+00,-1.908654422e-01,7.144455566e+02,2.085939407e+00,-4.255859070e+02,2.085939407e+00,7.195545044e+02,3.615607300e+02,-4.255859070e+02,3.615607300e+02,3.708300000e+04,1.266419888e-03,-3.669261932e-04,4.772693210e-04,1.318504452e-03,4.772693210e-04,2.06119100000000000e+00
45,8.989596367e-01,-8.170071244e-01,-1.818615943e-01,9.010941982e-01,-8.181154132e-01,-1.814120859e-01,7.236543579e+02,-1.580078840e+00,-2.572265320e+02,-1.580078840e+00,7.153451538e+02,-4.844265137e+02,-2.572265320e+02,-4.844265137e+02,3.740153516e+04,1.767337322e-03,-1.512467861e-03,4.495233588e-04,2.326164395e-03,4.495233588e-04,2.31883900000000009e+00
46,-5.666930676e-01,-8.095479012e-02,-4.489079118e-02,-5.660963058e-01,-8.235736936e-02,-4.458031803e-02,7.120252075e+02,-1.118807554e+00,-1.559815216e+02,-1.118807554e+00,7.269750366e+02,2.220323639e+02,-1.559815216e+02,2.220323639e+02,3.640471875e+04,5.716085434e-04,-1.226641238e-03,3.104731732e-04,1.353286789e-03,3.104731732e-04,8.71612999999999971e+00
47,4.336516857e-01,1.270138979e+00,-2.863574624e-01,4.301230907e-01,1.271048784e+00,-2.858877182e-01,7.162348022e+02,-4.745481014e+00,5.944912109e+02,-4.745481014e+00,7.177656250e+02,3.097574234e+00,5.944912109e+02,3.097574234e+00,3.637569141e+04,-2.931922674e-03,7.061958313e-04,4.697442346e-04,3.015772207e-03,4.697442346e-04,2.26422200000000018e+00
48,-9.455510378e-01,3.991910219e-01,-4.872444272e-02,-9.471378326e-01,3.997596204e-01,-4.849712551e-02,7.141499634e+02,6.806162357e+00,1.693859100e+02,6.806162357e+00,7.198500977e+02,5.017640076e+02,1.693859100e+02,5.017640076e+02,3.632348828e+04,-1.496016979e-03,7.835626602e-04,2.273135033e-04,1.688797493e-03,2.273135033e-04,1.46753000000000000e+00
49,6.799631119e-01,1.214642763e+00,5.890992284e-02,6.770033836e-01,1.216169119e+00,5.945398286e-02,7.203024902e+02,-4.894468784e-01,5.052138062e+02,-4.894468784e-01,7.166975708e+02,-2.982822876e+02,5.052138062e+02,-2.982822876e+02,3.670951172e+04,-2.298772335e-03,1.156568527e-03,5.440600798e-04,2.573325764e-03,5.440600798e-04,2.22266699999999995e+00
50,-1.833900213e-01,-4.360855818e-01,3.349275887e-01,-1.826287061e-01,-4.359594882e-01,3.349960446e-01,7.192967529e+02,1.265063286e+00,-1.214351349e+02,1.265063286e+00,7.197036133e+02,1.463114929e+02,-1.214351349e+02,1.463114929e+02,3.625506641e+04,7.314682007e-04,1.386702061e-04,6.848572957e-05,7.444965886e-04,6.848572957e-05,8.48104000000000013e+00
51,6.219644547e-01,-1.166642308e+00,1.259475946e-01,6.190401316e-01,-1.166215658e+00,1.259095818e-01,7.157965088e+02,-2.749423504e+00,-5.787711792e+02,-2.749423504e+00,7.232037354e+02,-1.987342377e+02,-5.787711792e+02,-1.987342377e+02,3.762966797e+04,-2.879977226e-03,4.501342773e-04,-3.802776700e-05,2.914942568e-03,3.802776700e-05,8.60452100000000009e+00
52,-2.738404274e-01,-1.013014436e+00,-1.689027250e-01,-2.707206607e-01,-1.014227629e+00,-1.688167006e-01,7.267487793e+02,4.066162109e+00,-4.423642578e+02,4.066162109e+00,7.122507324e+02,-1.234899235e+01,-4.423642578e+02,-1.234899235e+01,3.710066016e+04,3.032594919e-03,-1.189708710e-03,8.602441085e-05,3.257612465e-03,8.602441085e-05,2.48981399999999997e+00
53,-1.513317823e-01,2.846882343e-01,-2.557002306e-01,-1.517088115e-01,2.868229151e-01,-2.555048466e-01,7.161907349e+02,-2.872344017e+00,6.667482758e+01,-2.872344017e+00,7.178090210e+02,9.680229187e+01,6.667482758e+01,9.680229187e+01,3.604052344e+04,-3.213882446e-04,2.164244652e-03,1.953989267e-04,2.187977545e-03,1.953989267e-04,2.01013500000000001e+00
54,3.085293770e-01,-1.373837590e+00,-1.660075337e-01,3.107466400e-01,-1.376189947e+00,-1.657910347e-01,7.153989258e+02,3.439151764e+00,-6.123043823e+02,3.439151764e+00,7.196012573e+02,-1.942734985e+02,-6.123043823e+02,-1.942734985e+02,3.635890625e+04,1.919835806e-03,-2.419233322e-03,2.164989710e-04,3.088439582e-03,2.164989710e-04,8.36943100000000051e+00
55,-9.973326325e-01,6.336474419e-01,2.075993121e-01,-9.974186420e-01,6.341091394e-01,2.080752403e-01,7.178254395e+02,-3.406149387e+00,3.414908752e+02,-3.406149387e+00,7.131752319e+02,3.341315918e+02,3.414908752e+02,3.341315918e+02,3.510677734e+04,2.155303955e-04,9.363889694e-04,4.759281874e-04,9.608733817e-04,4.759281874e-04,8.45254399999999961e+00
56,-1.147747040e+00,9.936428070e-01,-1.942574233e-01,-1.148142815e+00,9.947754145e-01,-1.941985786e-01,7.200791626e+02,-5.213009119e-01,3.454273071e+02,-5.213009119e-01,7.159207153e+02,6.019546509e+02,3.454273071e+02,6.019546509e+02,3.733066016e+04,-3.372430801e-04,1.200258732e-03,5.885958672e-05,1.246737316e-03,5.885958672e-05,1.91158800000000006e+00
57,4.673397541e-01,-6.099724174e-01,-1.221985146e-01,4.685077965e-01,-6.070621014e-01,-1.219540387e-01,7.170062866e+02,-6.285859585e+00,-2.203178253e+02,-6.285859585e+00,7.199935303e+02,-2.042188263e+02,-2.203178253e+02,-2.042188263e+02,3.548881250e+04,1.018911600e-03,2.796053886e-03,2.444684505e-04,2.975919750e-03,2.444684505e-04,1.54470599999999991e+00
58,-2.274997234e-01,-2.394301891e-01,-1.265166104e-01,-2.245569378e-01,-2.364463508e-01,-1.258261800e-01,7.172994385e+02,3.519105434e+00,-1.079776611e+02,3.519105434e+00,7.197014771e+02,8.715221405e+01,-1.079776611e+02,8.715221405e+01,3.591716406e+04,2.777442336e-03,3.140881658e-03,6.904229522e-04,4.192770459e-03,6.904229522e-04,1.40578899999999996e+00
59,-1.160422325e+00,2.357482910e-02,1.968097389e-01,-1.159504890e+00,2.556034736e-02,1.968913376e-01,7.217933350e+02,9.846844077e-01,1.238832932e+02,9.846844077e-01,7.182061768e+02,4.788711243e+02,1.238832932e+02,4.788711243e+02,3.693242188e+04,9.193420410e-04,2.080230042e-03,8.159876597e-05,2.274323488e-03,8.159876597e-05,2.17517400000000016e+00
60,-7.125533223e-01,1.480604172e+00,-2.893645763e-01,-7.135696411e-01,1.484040380e+00,-2.891483903e-01,7.153685913e+02,2.064807892e+00,5.159755249e+02,2.064807892e+00,7.186319580e+02,5.225953369e+02,5.159755249e+02,5.225953369e+02,3.798575000e+04,-6.962418556e-04,3.590226173e-03,2.161860175e-04,3.657113062e-03,2.161860175e-04,2.42451099999999986e+00
61,7.887942791e-01,9.030437469e-01,-2.223040164e-01,7.877858877e-01,9.035224915e-01,-2.220649123e-01,7.208589478e+02,-2.834173441e+00,4.728470459e+02,-2.834173441e+00,7.181406250e+02,-2.485309753e+02,4.728470459e+02,-2.485309753e+02,3.693480469e+04,-7.925033569e-04,2.900362015e-04,2.391040325e-04,8.439091034e-04,2.391040325e-04,8.45254300000000036e+00
62,1.286562443e+00,-7.022379637e-01,-3.286662400e-01,1.286037087e+00,-7.016623020e-01,-3.283039033e-01,7.205499878e+02,7.995967388e+00,-7.312098694e+01,7.995967388e+00,7.184516602e+02,-6.070590210e+02,-7.312098694e+01,-6.070590210e+02,3.712818359e+04,-7.799863815e-04,1.096129417e-04,3.623365192e-04,7.876507589e-04,3.623365192e-04,1.92939799999999995e+00
63,-1.197784543e+00,6.909925938e-01,-1.786251813e-01,-1.198461294e+00,6.895636320e-01,-1.783448905e-01,7.130862427e+02,4.252882004e+00,1.918415070e+02,4.252882004e+00,7.219138184e+02,5.317484741e+02,1.918415070e+02,5.317484741e+02,3.676013672e+04,-4.830360413e-04,-1.093268394e-03,2.803057432e-04,1.195223653e-03,2.803057432e-04,1.62781899999999990e+00
64,2.355751991e-01,-4.670162201e-01,-7.952421904e-03,2.355297804e-01,-4.675991833e-01,-7.818640210e-03,7.171562500e+02,9.589453340e-01,-2.140464630e+02,9.589453340e-01,7.208444214e+02,-8.253523254e+01,-2.140464630e+02,-8.253523254e+01,3.637199609e+04,-1.079142094e-04,-6.144642830e-04,1.337816939e-04,6.238684291e-04,1.337816939e-04,1.91752499999999992e+00
65,1.405921221e+00,-7.881492972e-01,-1.524529010e-01,1.405808926e+00,-7.877424359e-01,-1.517850161e-01,7.152562256e+02,8.618353844e+00,-2.206365662e+02,8.618353844e+00,7.217437134e+02,-6.616746216e+02,-2.206365662e+02,-6.616746216e+02,3.786505859e+04,-6.383657455e-04,-5.323886871e-04,6.678850041e-04,8.312331629e-04,6.678850041e-04,2.00182400000000005e+00
66,1.389265537e+00,-8.586817980e-01,-2.872893028e-02,1.390163302e+00,-8.570237160e-01,-2.853276208e-02,7.184148560e+02,8.336120248e-01,-3.185873413e+02,8.336120248e-01,7.195859985e+02,-6.006735229e+02,-3.185873413e+02,-6.006735229e+02,3.715602734e+04,7.293224335e-04,1.385569572e-03,1.961700618e-04,1.565795043e-03,1.961700618e-04,2.20723100000000017e+00
67,-8.203459978e-01,1.404172182e-01,7.395183295e-02,-8.183404803e-01,1.399243474e-01,7.392095029e-02,7.193568726e+02,8.425721169e+00,7.225738525e+01,8.425721169e+00,7.196433105e+02,3.654497070e+02,7.225738525e+01,3.654497070e+02,3.666513672e+04,2.001166344e-03,-5.182176828e-04,-3.088265657e-05,2.067175927e-03,3.088265657e-05,1.66818700000000009e+00
68,-8.052168489e-01,-9.302835464e-01,1.475557685e-02,-8.046964407e-01,-9.316583872e-01,1.480730437e-02,7.153558960e+02,-1.510445714e+00,-4.207329712e+02,-1.510445714e+00,7.216447754e+02,3.896986389e+02,-4.207329712e+02,3.896986389e+02,3.703358203e+04,4.723668098e-04,-1.333117485e-03,5.172844249e-05,1.414331142e-03,5.172844249e-05,8.35162200000000077e+00
69,-2.601281404e-01,-3.330683708e-02,-6.871607900e-02,-2.598384023e-01,-3.381609544e-02,-6.860321760e-02,7.135182495e+02,8.216478348e+00,-1.254089584e+02,8.216478348e+00,7.204826660e+02,5.833987427e+01,-1.254089584e+02,5.833987427e+01,3.548844922e+04,2.859830856e-04,-4.798956215e-04,1.128613803e-04,5.586466868e-04,1.128613803e-04,1.87596900000000000e+00
70,5.374066830e-01,-9.895431995e-01,8.661028743e-02,5.394306183e-01,-9.870457053e-01,8.657747507e-02,7.156589355e+02,1.824796438e+00,-4.677180176e+02,1.824796438e+00,7.223414917e+02,-2.180889435e+02,-4.677180176e+02,-2.180889435e+02,3.716521484e+04,2.056360245e-03,2.515256405e-03,-3.281235331e-05,3.248866182e-03,3.281235331e-05,2.09443499999999982e+00
71,4.094057083e-01,-3.134543896e-01,-1.402883083e-01,4.084196985e-01,-3.142413199e-01,-1.399674118e-01,7.192824097e+02,1.966812730e+00,-8.247994232e+01,1.966812730e+00,7.197188110e+02,-2.602624817e+02,-8.247994232e+01,-2.602624817e+02,3.685553125e+04,-1.086622477e-03,-9.182989597e-04,3.208815760e-04,1.422681031e-03,3.208815760e-04,2.23810099999999990e+00
72,1.463945866e+00,-1.045277476e+00,-9.254666418e-02,1.467166424e+00,-1.044256568e+00,-9.225443751e-02,7.199981079e+02,3.098908067e-01,-3.557269897e+02,3.098908067e-01,7.130019531e+02,-6.609120483e+02,-3.557269897e+02,-6.609120483e+02,3.757650391e+04,2.915143967e-03,5.930662155e-04,2.922341228e-04,2.974860137e-03,2.922341228e-04,2.05881600000000020e+00
73,1.151905775e+00,-1.386783361e+00,1.879672259e-01,1.150147319e+00,-1.387608051e+00,1.880884767e-01,7.152194214e+02,4.753813744e+00,-7.303558350e+02,4.753813744e+00,7.217802124e+02,-3.947828674e+02,-7.303558350e+02,-3.947828674e+02,3.770096875e+04,-1.926541328e-03,-9.645223618e-04,1.212656571e-04,2.154498827e-03,1.212656571e-04,2.24878700000000009e+00
74,1.239860535e+00,1.377664804e+00,2.688980401e-01,1.235064387e+00,1.376835465e+00,2.695927620e-01,7.241749268e+02,2.683749676e+00,5.760183716e+02,2.683749676e+00,7.118251343e+02,-6.134390869e+02,5.760183716e+02,-6.134390869e+02,3.862265625e+04,-3.838777542e-03,-1.690506935e-03,6.947219954e-04,4.194523674e-03,6.947219954e-04,2.40788799999999981e+00
75,2.485392094e-01,8.885517120e-01,-3.364532292e-01,2.482525110e-01,8.890249133e-01,-3.363195658e-01,7.156441040e+02,-1.992052555e+00,4.369574585e+02,-1.992052555e+00,7.243543701e+02,3.878750229e+01,4.369574585e+02,3.878750229e+01,3.719163672e+04,-1.678615808e-04,4.401803017e-04,1.336932473e-04,4.711010552e-04,1.336932473e-04,8.35755799999999915e+00
76,-7.143864632e-01,8.005623817e-01,-2.801517248e-01,-7.141433954e-01,8.023555279e-01,-2.800079286e-01,7.224580078e+02,7.908945560e+00,2.941122742e+02,7.908945560e+00,7.165438843e+02,3.738051147e+02,2.941122742e+02,3.738051147e+02,3.600617969e+04,3.585219383e-04,1.895606518e-03,1.437663450e-04,1.929212827e-03,1.437663450e-04,7.88262999999999980e+00
77,-1.112801552e+00,-4.939295053e-01,-1.202198491e-01,-1.114789248e+00,-4.939872622e-01,-1.201744750e-01,7.234182129e+02,-4.392394722e-01,-3.488189087e+02,-4.392394722e-01,7.125819702e+02,4.145801086e+02,-3.488189087e+02,4.145801086e+02,3.688340625e+04,-2.009987831e-03,-7.212162018e-06,4.536658525e-05,2.010000637e-03,4.536658525e-05,2.12174400000000007e+00
78,-1.090340614e+00,-6.241176724e-01,1.254738122e-01,-1.087981820e+00,-6.242348552e-01,1.259735376e-01,7.267860718e+02,-5.815899372e+00,-2.428527069e+02,-5.815899372e+00,7.112148438e+02,4.532605896e+02,-2.428527069e+02,4.532605896e+02,3.663219922e+04,2.046704292e-03,4.276633263e-04,4.997327924e-04,2.090907423e-03,4.997327924e-04,1.89971399999999990e+00
79,-8.077068329e-01,6.636824608e-01,2.423282564e-01,-8.075748682e-01,6.632922888e-01,2.422894686e-01,7.252106934e+02,-4.555607319e+00,3.243906860e+02,-4.555607319e+00,7.067894287e+02,1.320860138e+02,3.243906860e+02,1.320860138e+02,3.600487109e+04,1.062154770e-04,-4.215240479e-04,-3.878772623e-05,4.347001959e-04,3.878772623e-05,1.92464799999999991e+00
80,4.612720013e-01,5.923271179e-03,-2.745319903e-01,4.632813334e-01,7.014140021e-03,-2.746575177e-01,7.263950195e+02,-7.727059364e+00,-1.099273682e+01,-7.727059364e+00,7.116045532e+02,-1.154399338e+02,-1.099273682e+01,-1.154399338e+02,3.554805859e+04,2.008616924e-03,1.148767304e-03,-1.255273819e-04,2.313916339e-03,1.255273819e-04,2.18467199999999995e+00
81,-1.462383628e+00,-1.747822762e-02,-3.479503095e-01,-1.460072279e+00,-1.492543612e-02,-3.479126692e-01,7.225874634e+02,6.653361320e-01,-2.421016693e+02,6.653361320e-01,7.164126587e+02,5.715538330e+02,-2.421016693e+02,5.715538330e+02,3.764738672e+04,2.310514450e-03,2.607866190e-03,3.764033681e-05,3.484170418e-03,3.764033681e-05,8.24120100000000022e+00
82,6.451113224e-01,-6.402402520e-01,1.948148906e-01,6.458869576e-01,-6.407355666e-01,1.949619651e-01,7.190332031e+02,-3.972154140e+00,-3.662111816e+02,-3.972154140e+00,7.189669800e+02,-2.578757324e+02,-3.662111816e+02,-2.578757324e+02,3.614023828e+04,6.814599037e-04,-5.902051926e-04,1.470744755e-04,9.015152464e-04,1.470744755e-04,1.94245800000000002e+00
83,-3.457343578e-01,1.211161613e+00,-2.801609337e-01,-3.470637798e-01,1.211664677e+00,-2.797072828e-01,7.113105469e+02,2.891139984e+00,4.829844971e+02,2.891139984e+00,7.246889038e+02,2.322280884e+02,4.829844971e+02,2.322280884e+02,3.667685547e+04,-7.801055908e-04,6.600618362e-04,4.536510096e-04,1.021883683e-03,4.536510096e-04,1.78454500000000005e+00
84,-4.975109100e-01,-4.339538813e-01,2.729153931e-01,-4.948975444e-01,-4.336831272e-01,2.730153799e-01,7.169202881e+02,-1.531890035e+00,-1.360387115e+02,-1.531890035e+00,7.220796509e+02,2.440228729e+02,-1.360387115e+02,2.440228729e+02,3.651530859e+04,2.569973469e-03,3.204643726e-04,1.000166012e-04,2.589876764e-03,1.000166012e-04,2.08849900000000011e+00
85,-1.303664804e+00,5.962376595e-01,1.535687149e-01,-1.303020477e+00,5.957016945e-01,1.539040506e-01,7.198309326e+02,-8.819569588e+00,3.309633789e+02,-8.819569588e+00,7.141693726e+02,5.034539185e+02,3.309633789e+02,5.034539185e+02,3.643034766e+04,8.442401886e-04,-9.876489639e-05,3.353357315e-04,8.499976248e-04,3.353357315e-04,2.21554200000000012e+00
86,-1.408377171e+00,4.157757759e-02,-2.109685540e-01,-1.408087611e+00,4.413059726e-02,-2.104088515e-01,7.196314087e+02,-4.704485893e+00,-1.128510895e+02,-4.704485893e+00,7.183684082e+02,6.537982178e+02,-1.128510895e+02,6.537982178e+02,3.724437891e+04,3.125667572e-04,3.341306001e-03,5.596876726e-04,3.355893772e-03,5.596876726e-04,2.24166299999999996e+00
87,5.694038868e-01,7.322227955e-01,-5.307313800e-02,5.680370331e-01,7.343678474e-01,-5.292989314e-02,7.177882080e+02,7.085436583e-01,2.788766174e+02,7.085436583e-01,7.222124634e+02,-2.302015533e+02,2.788766174e+02,-2.302015533e+02,3.723605078e+04,-1.262009144e-03,2.063453197e-03,1.432448626e-04,2.418781864e-03,1.432448626e-04,1.87121899999999997e+00
88,-6.023359299e-02,-7.381706238e-01,1.564621925e-05,-5.985112488e-02,-7.375317216e-01,5.231839532e-05,7.174845581e+02,-2.903513908e+00,-3.029513245e+02,-2.903513908e+00,7.215152588e+02,-8.489345551e+00,-3.029513245e+02,-8.489345551e+00,3.650995703e+04,3.553926945e-04,6.410479546e-04,3.667217607e-05,7.329710061e-04,3.667217607e-05,2.60142199999999990e+00
89,-7.065703869e-01,1.214166641e+00,-6.875231862e-02,-7.076356411e-01,1.212634206e+00,-6.862489134e-02,7.198552856e+02,-4.402400494e+00,5.268284302e+02,-4.402400494e+00,7.161448364e+02,2.708435974e+02,5.268284302e+02,2.708435974e+02,3.665996875e+04,-9.105205536e-04,-1.442313194e-03,1.274272799e-04,1.705671428e-03,1.274272799e-04,1.68718400000000002e+00
90,3.529990911e-01,1.302751780e+00,7.670137286e-02,3.478515446e-01,1.303618550e+00,7.723767310e-02,7.135660400e+02,3.035193205e+00,6.063818970e+02,3.035193205e+00,7.224342651e+02,-1.762810669e+02,6.063818970e+02,-1.762810669e+02,3.738351562e+04,-4.448801279e-03,6.775856018e-04,5.363003002e-04,4.500105977e-03,5.363003002e-04,1.91396300000000008e+00
91,3.327486515e-01,1.078326941e+00,-1.918101311e-02,3.312437534e-01,1.074212909e+00,-1.920418628e-02,7.138730469e+02,4.997287095e-01,4.813450012e+02,4.997287095e-01,7.241265869e+02,-1.188994217e+02,4.813450012e+02,-1.188994217e+02,3.658814453e+04,-1.529872417e-03,-4.106283188e-03,-2.317316830e-05,4.382017069e-03,2.317316830e-05,2.24878700000000009e+00
92,2.301645279e-01,-3.479433060e-02,2.132719010e-01,2.284498960e-01,-3.478997573e-02,2.133027911e-01,7.181744995e+02,4.755478501e-01,-4.126224518e+01,4.755478501e-01,7.208256226e+02,-1.589564667e+02,-4.126224518e+01,-1.589564667e+02,3.659756641e+04,-1.715704799e-03,-2.752989531e-06,3.089011079e-05,1.715707011e-03,3.089011079e-05,1.68124800000000008e+00
93,-7.649422884e-01,-9.512326121e-01,1.013657451e-02,-7.650476694e-01,-9.509230256e-01,1.021493971e-02,7.169790649e+02,2.079999924e+00,-2.639432373e+02,2.079999924e+00,7.230211182e+02,3.440706482e+02,-2.639432373e+02,3.440706482e+02,3.674537109e+04,-1.799464226e-04,3.694891930e-04,7.836520672e-05,4.109780712e-04,7.836520672e-05,2.07900000000000018e+00
94,1.159535885e+00,-5.009842515e-01,-1.815617085e-01,1.160317779e+00,-5.019443035e-01,-1.808911711e-01,7.219268799e+02,-1.329299927e+00,-1.101628723e+02,-1.329299927e+00,7.150727539e+02,-4.914046631e+02,-1.101628723e+02,-4.914046631e+02,3.676001562e+04,4.463195801e-04,-1.737773418e-03,6.705374108e-04,1.794173266e-03,6.705374108e-04,1.54708099999999993e+00
95,2.881739140e-01,-1.413977504e+00,1.649260521e-03,2.894813120e-01,-1.414826155e+00,1.725115348e-03,7.136079102e+02,-2.887510300e+00,-6.294945068e+02,-2.887510300e+00,7.253918457e+02,-1.898812408e+02,-6.294945068e+02,-1.898812408e+02,3.695700391e+04,1.200109720e-03,-8.705854416e-04,7.585482672e-05,1.482626772e-03,7.585482672e-05,1.89259099999999991e+00
96,-9.962185621e-01,-5.695320368e-01,-7.050156593e-03,-9.969975948e-01,-5.698381066e-01,-6.837254856e-03,7.140860596e+02,-5.272191763e-01,-1.897129211e+02,-5.272191763e-01,7.249136963e+02,4.385321960e+02,-1.897129211e+02,4.385321960e+02,3.724205859e+04,-9.003281593e-04,-9.399652481e-05,2.129017521e-04,9.052216192e-04,2.129017521e-04,1.78217300000000001e+00
97,-8.027989268e-01,1.436042070e+00,3.232332468e-01,-8.019682169e-01,1.437484384e+00,3.232274055e-01,7.187133179e+02,1.058675194e+01,7.432745361e+02,1.058675194e+01,7.182859497e+02,1.259940872e+02,7.432745361e+02,1.259940872e+02,3.812633594e+04,8.223056793e-04,1.437664032e-03,-5.841255643e-06,1.656219945e-03,5.841255643e-06,1.80354400000000004e+00
98,1.415014267e-03,7.407126427e-01,1.484887600e-01,2.550647128e-03,7.413185239e-01,1.485856473e-01,7.166268311e+02,-4.024942398e+00,3.258924255e+02,-4.024942398e+00,7.223729248e+02,-4.405474091e+01,3.258924255e+02,-4.405474091e+01,3.617074219e+04,1.207411755e-03,6.057620049e-04,9.690226580e-05,1.350848121e-03,9.690226580e-05,8.33976099999999931e+00
99,-5.453035831e-01,-8.673489094e-02,-1.238953769e-01,-5.467616320e-01,-8.715212345e-02,-1.235009059e-01,7.237511597e+02,-1.581900597e+00,-1.101415405e+02,-1.581900597e+00,7.162453003e+02,1.831279449e+02,-1.101415405e+02,1.831279449e+02,3.613265234e+04,-1.492679119e-03,-2.021864057e-04,3.944711934e-04,1.506310189e-03,3.944711934e-04,8.35994600000000077e+00
